RespondentID,Race,Gender,Age,EducationLevel,EmployementType,PostalCode,Experience,JobTitle,SeniorityLevel,Salary,PromotionStatus,BonusStatus,Industry,EmployeeCount,JobPerformance,IsCompensation,IsGrowth,IsFairness,IsBenefits,IsGrowthOpportunities
11542009435,Indian,Female,35-44,Bachelor's Degree,Full Time Employee,36223,Five to ten years,Data Analytics Specialist,Senior level,"$50,000 to $59,999",Yes,Yes,Insurance,50 to 250 Employees,Strongly agree,Agree,Agree,Somewhat agree,Strongly agree,Strongly agree
11526400319,Hispanic/Latino,Females,45-54,Bachelor's Degree,Full Time Employee,90640,Ten years or more,Teacher,Tenure,"$90,000 to $99,999",No,No,Education,"250 to 1,000 Employees",Agree,Agree,Agree,Disagree,Agree,Agree
11525731983,Hispanic/Latino,Male,35-44,Some College,Full Time Employee,90716,Ten years or more,Senior Project Lead,Mid level,"$100,000 to $149,999",Yes,Yes,Entertainment & Leisure,"More than 10,000 Employees",Agree,Neither agree nor disagree,Agree,Agree,Agree,Agree
11523730380,Black/African American,Female,45-54,Associate's Degree,Full Time Employee,90017,Less than one year,Credentials & Contract Supervisor,Senior level,"$60,000 to $69,999",Yes,No,Education,"More than 10,000 Employees",Somewhat agree,Strongly disagree,Neither agree nor disagree,Strongly disagree,Strongly agree,Strongly agree
11523588583,Hispanic/Latino,Female,45-54,Master's Degree or Higher,Full Time Employee,90255,One to five years,Assistant principal,Senior level,"$70,000 to $79,999",Yes,,Education,"More than 10,000 Employees",Neither agree nor disagree,Neither agree nor disagree,Agree,Disagree,Agree,Agree
11522617323,Hispanic/Latino,Femalr,45-54,Bachelor's Degree,Full Time Employee,92392,Five to ten years,Case manager,Senior level,"$90,000 to $99,999",No Answer,Yes,Healthcare & Pharmaceuticals,"1,000 to 10,000 Employees",,,,,,
11522426288,Hispanic/Latino,Female,45-54,Associate's Degree,Full Time Employee,90033,Ten years or more,Eligibility Worker,Unknown,"$40,000 to $49,999",Yes,No,Social/Public Services,"1,000 to 10,000 Employees",Somewhat agree,Somewhat agree,Somewhat agree,Somewhat agree,Agree,Somewhat agree
11522295831,Hispanic/Latino,Female,45-54,Master's Degree or Higher,Full Time Employee,90063,Ten years or more,High school counselor,Senior level,"$90,000 to $99,999",Yes,Yes,Education,Less than 50 Employees,Strongly agree,Strongly agree,Strongly agree,Agree,Strongly agree,Strongly agree
11522262326,Hispanic/Latino,Female,45-54,Master's Degree or Higher,Full Time Employee,20109,Five to ten years,Administrative Officer,Mid level,"$100,000 to $149,999",Yes,Yes,Government,Less than 50 Employees,Strongly agree,Somewhat agree,Strongly agree,Somewhat agree,Strongly agree,Strongly agree
11521976824,Hispanic/Latino,Female,45-54,Master's Degree or Higher,Full Time Employee,90033,Ten years or more,Elementary Teacher,Senior level,"$70,000 to $79,999",Yes,No,Education,"More than 10,000 Employees",Somewhat agree,Somewhat agree,Agree,Somewhat agree,Somewhat agree,Somewhat agree
11521865889,Hispanic/Latino,M,35-44,Associate's Degree,Full Time Employee,90045,One to five years,Electrician Apprentice,Mid level,"$60,000 to $69,999",Yes,Yes,Information Technology and Services,50 to 250 Employees,Agree,Agree,Agree,Agree,Agree,Agree
11521644734,White,Male,65+,Master's Degree or Higher,Self Employed/Entrepreneur,35226,One to five years,Data Analyst,Mid level,"$50,000 to $59,999",No,No,Business Support & Logistics,50 to 250 Employees,Strongly agree,Agree,Neither agree nor disagree,Neither agree nor disagree,Agree,Neither agree nor disagree
11520848574,Black/African American,Female,45-54,Some College,Full Time Employee,35210,Five to ten years,Paraprofessional,Assistant to teachers,"$20,000 to $29,999",No,Yes,Education,,Strongly agree,Strongly disagree,Disagree,Disagree,Strongly agree,Disagree
11520517532,Black/African American,Female,35-44,Master's Degree or Higher,Full Time Employee,35205,One to five years,Environmental Health and Safety Program Coordinator,Mid level,"$50,000 to $59,999",Yes,Yes,Research and Development,"250 to 1,000 Employees",Strongly agree,Agree,Strongly agree,Somewhat disagree,Somewhat disagree,Strongly agree
11520502263,Black/African American,Female,25-34,Bachelor's Degree,Full Time Employee,35203,One to five years,Social Work Case Manager,Mid level,"$30,000 to $39,999",Yes,Yes,Nonprofit,Less than 50 Employees,Strongly agree,Strongly agree,Strongly agree,Strongly agree,Strongly agree,Strongly agree
11520500574,Black/African American,Female,35-44,Bachelor's Degree,Full Time Employee,35233,Less than one year,Diversity Recruiter,Mid level,"$60,000 to $69,999",Yes,Yes,Finance & Financial Services,"More than 10,000 Employees",Agree,Agree,Strongly agree,Somewhat agree,Agree,Strongly agree
11520072159,White,Male,45-54,Associate's Degree,Full Time Employee,35243,One to five years,IT Director,Senior level,Prefer not to answer,Yes,Yes,Healthcare & Pharmaceuticals,"250 to 1,000 Employees",Strongly agree,Agree,Agree,Agree,Agree,Strongly agree
11519973856,White,Female,25-34,Bachelor's Degree,Long Term Contract Employee,35222,Less than one year,Business Analyst,Mid level,"$70,000 to $79,999",No,No,Finance & Financial Services,"More than 10,000 Employees",Somewhat agree,Agree,Strongly agree,Agree,Agree,Agree
11518237980,White,female,65+,Master's Degree or Higher,Self Employed/Entrepreneur,35203,Ten years or more,attorney,self employed,Other (please specify),No,No,Legal Services,Less than 50 Employees,Neither agree nor disagree,Neither agree nor disagree,Strongly disagree,Neither agree nor disagree,Neither agree nor disagree,Neither agree nor disagree
11514441146,White,Female,35-44,Master's Degree or Higher,Full Time Employee,60563,One to five years,Sales Account Manager,Mid level,"$90,000 to $99,999",No,No,Entertainment & Leisure,"1,000 to 10,000 Employees",Agree,Agree,Disagree,Neither agree nor disagree,Agree,Somewhat disagree
11513750307,White,male,25-34,Some College,Full Time Employee,35205,One to five years,admin,Senior level,"$70,000 to $79,999",No,No,Business Support & Logistics,Less than 50 Employees,,,,,,
11513316125,Hispanic/Latino,Male,25-34,Bachelor's Degree,Full Time Employee,35243,One to five years,Data Analyst,Entry level,"$50,000 to $59,999",No,Yes,Insurance,"250 to 1,000 Employees",Strongly agree,Strongly agree,Agree,Agree,Agree,Agree
11513044509,White,Technically female,25-34,Associate's Degree,Part Time Employee,35205,One to five years,Cashier,Entry level,"$10,000 to $19,999",No,No,Food & Beverages,50 to 250 Employees,Strongly disagree,Agree,Somewhat disagree,Somewhat disagree,Agree,Somewhat disagree
11503142571,White,Female,35-44,Bachelor's Degree,Full Time Employee,35243,One to five years,Financial Advisor,"It can be all of the above. Prior to entering into partnership, I was First VP","$150,000 or more",Yes,Yes,Finance & Financial Services,"More than 10,000 Employees",Agree,Agree,Agree,Somewhat agree,Strongly agree,Agree
11500282496,White,Male,45-54,Some College,Full Time Employee,35405,Less than one year,Area Specifications Representative,Mid level,"$90,000 to $99,999",No Answer,Yes,"Construction, Machinery, and Homes",50 to 250 Employees,Strongly agree,Strongly agree,Strongly agree,Strongly agree,Strongly agree,Strongly agree
11500085906,White,Female,25-34,Bachelor's Degree,Full Time Employee,35203,One to five years,Manager,Senior level,"$100,000 to $149,999",Yes,Yes,Information Technology and Services,"1,000 to 10,000 Employees",Strongly agree,Agree,Strongly agree,Strongly agree,Agree,Strongly agree
11499362462,White,Male,45-54,Master's Degree or Higher,Full Time Employee,77581,Five to ten years,Client Services Director,Entry level,"$40,000 to $49,999",No,Yes,Legal Services,Less than 50 Employees,Strongly agree,Neither agree nor disagree,Strongly disagree,Neither agree nor disagree,Neither agree nor disagree,Neither agree nor disagree
11498755070,White,Male,35-44,Bachelor's Degree,Full Time Employee,78109,One to five years,Business Development Engineer,Senior level,"$150,000 or more",No,Yes,"Construction, Machinery, and Homes","250 to 1,000 Employees",Somewhat agree,Strongly agree,Strongly agree,Agree,Neither agree nor disagree,Agree
11498708783,White,Female,35-44,Bachelor's Degree,Full Time Employee,35211,One to five years,Donor Relation Manager,Mid level,"$50,000 to $59,999",Yes,Yes,Nonprofit,50 to 250 Employees,Strongly agree,Strongly agree,Somewhat agree,Strongly agree,Strongly agree,Strongly agree
11498656435,White,male,55-64,Master's Degree or Higher,Full Time Employee,78229,One to five years,Management Analyst,Mid level,"$50,000 to $59,999",Yes,Yes,Healthcare & Pharmaceuticals,"More than 10,000 Employees",Somewhat agree,Disagree,Somewhat agree,Disagree,Agree,Somewhat disagree
11497323211,Asian,Female,35-44,Master's Degree or Higher,Full Time Employee,10279,One to five years,Senior designer,Mid level,"$60,000 to $69,999",Yes,No,"Construction, Machinery, and Homes","1,000 to 10,000 Employees",Agree,Neither agree nor disagree,Strongly agree,Neither agree nor disagree,Somewhat agree,Somewhat agree
11496407885,White,Male,25-34,Bachelor's Degree,Full Time Employee,36830,Less than one year,Purchasing Specialst,Entry level,"$40,000 to $49,999",No,No,Automotive,50 to 250 Employees,Somewhat agree,Agree,Disagree,Disagree,Neither agree nor disagree,Strongly disagree
11490385339,Black/African American,Man,35-44,Vocational/Technical School,Full Time Employee,35422,Less than one year,Kitchen Manager,Senior level,"$40,000 to $49,999",Yes,Yes,Food & Beverages,50 to 250 Employees,Agree,Strongly agree,Strongly agree,Strongly agree,Strongly agree,Strongly agree
11490359033,Black/African American,Female,18-24,High School Diploma/GED,Full Time Employee,35901,One to five years,Crew Member,Mid level,"Less than $10,000",No,No,Food & Beverages,50 to 250 Employees,Disagree,Somewhat disagree,Disagree,Agree,Neither agree nor disagree,Agree
11488220188,White,Male,35-44,Bachelor's Degree,Full Time Employee,35217,Five to ten years,Marketing Manager,Senior level,Prefer not to answer,Yes,Yes,Finance & Financial Services,"250 to 1,000 Employees",Somewhat agree,Somewhat agree,Somewhat agree,Agree,Somewhat disagree,Strongly agree
11487981801,Black/African American,Male,25-34,Some College,Full Time Employee,35022,Less than one year,Assembly,Entry level,,No Answer,,,,,,,,,
11487702121,Black/African American,Man,25-34,Master's Degree or Higher,Full Time Employee,35217,Less than one year,Quality Engineer,Mid level,"$80,000 to $89,999",No Answer,,Manufacturing,"1,000 to 10,000 Employees",Strongly agree,Agree,Strongly agree,Agree,Agree,Agree
11486480185,Black/African American,Female,35-44,Bachelor's Degree,Full Time Employee,33431,One to five years,Construction Manager,Senior level,"$80,000 to $89,999",Yes,Yes,Manufacturing,"250 to 1,000 Employees",Agree,Somewhat agree,Somewhat agree,Somewhat agree,Somewhat agree,Somewhat agree
11485460652,Black/African American,Male,25-34,Vocational/Technical School,Full Time Employee,35244,Five to ten years,Wire tech,Entry level,"$50,000 to $59,999",No,Yes,"Telecommunications, Technology, Internet & Electronics","1,000 to 10,000 Employees",Somewhat agree,Somewhat agree,Disagree,Agree,Agree,Agree
11481298745,Black/African American,Female,25-34,Some College,Full Time Employee,36832,One to five years,Operator II,Senior level,"$60,000 to $69,999",No Answer,Yes,Manufacturing,"250 to 1,000 Employees",Strongly agree,Agree,Strongly agree,Somewhat agree,Agree,Strongly agree
11481197184,Multiracial/Multiethnic,Female,25-34,Some College,Part Time Employee,35223,Less than one year,Server,Entry level,"$20,000 to $29,999",No,No,Food & Beverages,Less than 50 Employees,Somewhat agree,Somewhat agree,Somewhat agree,Somewhat disagree,Somewhat disagree,Neither agree nor disagree
11480472205,White,Male,18-24,High School Diploma/GED,Full Time Employee,35022,One to five years,Pest control technician,Mid level,"$40,000 to $49,999",Yes,No,Extermination,"1,000 to 10,000 Employees",Agree,Agree,Strongly agree,Agree,Agree,Agree
11480172045,White,Male,45-54,Bachelor's Degree,Full Time Employee,35203,One to five years,Compliance Officer,Senior level,"$70,000 to $79,999",Yes,No,Finance & Financial Services,"250 to 1,000 Employees",Agree,Agree,Agree,Somewhat agree,Somewhat agree,Agree
11479853965,White,Male,25-34,Bachelor's Degree,Full Time Employee,28031,Less than one year,National Account Manager,Mid level,"$100,000 to $149,999",Yes,Yes,Retail & Consumer Durables,"More than 10,000 Employees",Agree,Agree,Agree,Agree,Agree,Agree
11478461101,White,Female,45-54,Bachelor's Degree,Full Time Employee,35244,One to five years,Data Analytics manager,Mid level,"$150,000 or more",No,Yes,Finance & Financial Services,"More than 10,000 Employees",Agree,Agree,Somewhat agree,Neither agree nor disagree,Strongly agree,Somewhat agree
11477913522,White,Female,35-44,Associate's Degree,Full Time Employee,61938,Ten years or more,PACU RN,Mid level,"$60,000 to $69,999",No,Yes,Healthcare & Pharmaceuticals,"1,000 to 10,000 Employees",Agree,Somewhat agree,Agree,Somewhat agree,Somewhat agree,Agree
11477820313,White,Male,18-24,High School Diploma/GED,Full Time Employee,35091,One to five years,Carpenter,Mid level,"$30,000 to $39,999",No,No,"Construction, Machinery, and Homes",Less than 50 Employees,Neither agree nor disagree,Disagree,Agree,Neither agree nor disagree,Strongly disagree,Agree
11477742320,White,Female,35-44,Bachelor's Degree,Part Time Employee,39211,Five to ten years,Business owner/Occupational therapy assistant,Mid level,"$50,000 to $59,999",No Answer,,Education,Less than 50 Employees,Agree,Agree,Agree,Agree,Somewhat disagree,Agree
11477538254,White,Female,55-64,Associate's Degree,Full Time Employee,61530,Ten years or more,Paralegsl,Senior level,"$60,000 to $69,999",No Answer,Yes,Legal Services,Less than 50 Employees,Strongly agree,Strongly agree,Strongly agree,Strongly agree,Strongly agree,Strongly agree
11477221819,Hispanic/Latino,Female,55-64,Bachelor's Degree,Full Time Employee,90032,Ten years or more,Supervisor,"C Suite (CEO, CFO, COO, CTO, CSO)","$40,000 to $49,999",Yes,Yes,Child Day Care Services,Less than 50 Employees,Somewhat agree,Somewhat disagree,Agree,Strongly disagree,Strongly disagree,Somewhat disagree
11477094907,Black/African American,Female,45-54,Master's Degree or Higher,Full Time Employee,35233,One to five years,Patient Representative,Mid level,"$50,000 to $59,999",No,Yes,Healthcare & Pharmaceuticals,"1,000 to 10,000 Employees",Strongly agree,Somewhat agree,Disagree,Disagree,Agree,Somewhat disagree
11477084777,White,Female,45-54,Associate's Degree,Full Time Employee,35124,Ten years or more,Licensed Veterinary Technician,Mid level,"$30,000 to $39,999",Yes,Yes,Veterinary,Less than 50 Employees,Disagree,Agree,Somewhat agree,Disagree,Somewhat agree,Somewhat disagree
11476709394,Black/African American,Male,35-44,Some College,Full Time Employee,35022,One to five years,General warehouse associate,Entry level,"$40,000 to $49,999",Yes,Yes,Retail & Consumer Durables,"1,000 to 10,000 Employees",Somewhat disagree,Disagree,Neither agree nor disagree,Disagree,Neither agree nor disagree,Somewhat agree
11476538825,White,Male,35-44,Associate's Degree,Full Time Employee,35079,Less than one year,Resident Assistant,Entry level,"$10,000 to $19,999",No,Yes,Nonprofit,50 to 250 Employees,Strongly agree,Strongly agree,Strongly agree,Strongly agree,Strongly agree,Strongly agree
11476195152,Black/African American,Male,35-44,Some High School,Full Time Employee,35235,Ten years or more,Pitman,Senior level,"$30,000 to $39,999",Yes,No,Food & Beverages,50 to 250 Employees,Somewhat disagree,Disagree,Strongly disagree,Strongly disagree,Disagree,Somewhat disagree
11476130971,White,Female,25-34,Bachelor's Degree,Full Time Employee,35203,Less than one year,Business Intelligence Supervisor,Mid level,Prefer not to answer,Yes,Yes,Healthcare & Pharmaceuticals,"250 to 1,000 Employees",Strongly agree,Strongly agree,Strongly agree,Strongly agree,Agree,Strongly agree
11476109878,Black/African American,Female,45-54,Bachelor's Degree,Full Time Employee,35203,Five to ten years,CFO,"C Suite (CEO, CFO, COO, CTO, CSO)","$60,000 to $69,999",Yes,Yes,Nonprofit,Less than 50 Employees,Agree,Neither agree nor disagree,Disagree,Agree,Strongly disagree,Agree
11476055227,Hispanic/Latino,Female,25-34,Bachelor's Degree,Full Time Employee,60606,One to five years,Forensic Accountant,Mid level,"$70,000 to $79,999",Yes,Yes,Government,"More than 10,000 Employees",Strongly agree,Strongly agree,Strongly agree,Strongly agree,Strongly agree,Strongly agree
11474000078,Black/African American,Female,25-34,Master's Degree or Higher,Long Term Contract Employee,28791,One to five years,Public Relations Contractor,Mid level,"$20,000 to $29,999",No Answer,Yes,Social/Public Services,Less than 50 Employees,Strongly agree,Strongly agree,Strongly agree,Strongly agree,Neither agree nor disagree,Strongly agree
11473826145,White,Female,25-34,Master's Degree or Higher,Full Time Employee,35216,Five to ten years,Teacher,Mid level,"$50,000 to $59,999",No,No,Education,"1,000 to 10,000 Employees",Strongly agree,Strongly agree,Strongly agree,Agree,Strongly agree,Strongly agree
11473691848,Asian,Male,35-44,Bachelor's Degree,Full Time Employee,35226,Five to ten years,Respiratory therapist,Senior level,"$50,000 to $59,999",No,Yes,Healthcare & Pharmaceuticals,"More than 10,000 Employees",Agree,Somewhat agree,Somewhat agree,Somewhat agree,Agree,Agree
11473684483,White,Male,55-64,Master's Degree or Higher,Full Time Employee,35205,Ten years or more,Surgical Assistant,Senior level,"$100,000 to $149,999",No,Yes,Healthcare & Pharmaceuticals,Less than 50 Employees,Somewhat agree,Agree,Neither agree nor disagree,Neither agree nor disagree,Somewhat disagree,Disagree
11473337556,White,Female,45-54,Some College,Full Time Employee,35244,One to five years,Office manager,Senior level,"$30,000 to $39,999",No Answer,Yes,Electrical engineering,Less than 50 Employees,Strongly agree,Agree,Neither agree nor disagree,,Strongly agree,Neither agree nor disagree
11473312190,White,Female,25-34,Master's Degree or Higher,Full Time Employee,35007,One to five years,High school science teacher,Entry level,"$40,000 to $49,999",No,Yes,Education,50 to 250 Employees,Agree,Agree,Strongly agree,Agree,Agree,Somewhat agree
11473214039,White,Female,25-34,Master's Degree or Higher,Full Time Employee,35244,One to five years,Strategy Consultant,Senior level,"$80,000 to $89,999",Yes,Yes,Healthcare & Pharmaceuticals,"1,000 to 10,000 Employees",Somewhat agree,Agree,Agree,Somewhat agree,Somewhat agree,Somewhat agree
11472887040,White,Female,45-54,Master's Degree or Higher,Full Time Employee,35242,One to five years,Chief Communications Officer,"C Suite (CEO, CFO, COO, CTO, CSO)","$70,000 to $79,999",Yes,Yes,Social/Public Services,Less than 50 Employees,Strongly agree,Agree,Strongly agree,Strongly agree,Strongly agree,Strongly agree
11472827048,White,Male,55-64,Associate's Degree,Self Employed/Entrepreneur,32550,Less than one year,Retired,Senior level,"$150,000 or more",Yes,Yes,Healthcare & Pharmaceuticals,"1,000 to 10,000 Employees",Strongly agree,Strongly agree,Strongly agree,Agree,Strongly agree,Strongly agree
11472739335,Black/African American,Female,25-34,Master's Degree or Higher,Full Time Employee,36104,One to five years,Associate attorney,Mid level,"$70,000 to $79,999",No,Yes,,,,,,,,
11471980053,White,Female,18-24,Some College,Part Time Employee,35501,One to five years,Scribe,Entry level,"$20,000 to $29,999",No,Yes,Healthcare & Pharmaceuticals,"More than 10,000 Employees",Strongly agree,Strongly agree,Strongly agree,Strongly agree,Strongly agree,Somewhat agree
11471884231,Black/African American,Female,25-34,Master's Degree or Higher,Full Time Employee,35216,Five to ten years,Mental Health Therapist,Mid level,"$40,000 to $49,999",Yes,Yes,Social/Public Services,50 to 250 Employees,Agree,Somewhat disagree,Agree,Somewhat agree,Agree,Agree
11471883878,Black and white,Female,18-24,Some College,Full Time Employee,35630,One to five years,Preschool Teacher,Entry level,"$10,000 to $19,999",No,Yes,Child Day Care Services,50 to 250 Employees,Agree,Somewhat agree,Somewhat agree,Somewhat agree,Agree,Agree
11471717433,Black/African American,Female,25-34,Master's Degree or Higher,Part Time Employee,35068,One to five years,Executive Director,Staff of 1...hard to say. Senior in theory.,"$10,000 to $19,999",No,No,Social/Public Services,Less than 50 Employees,Neither agree nor disagree,Neither agree nor disagree,Somewhat disagree,Neither agree nor disagree,Neither agree nor disagree,Neither agree nor disagree
11471683008,Multiracial/Multiethnic,Female,18-24,Bachelor's Degree,Full Time Employee,35209,Less than one year,Medical Assistant/Scribe,Entry level,"$30,000 to $39,999",Yes,Yes,Healthcare & Pharmaceuticals,"More than 10,000 Employees",Agree,Strongly agree,Strongly agree,Agree,Agree,Agree
11471671129,White,Female,25-34,High School Diploma/GED,Full Time Employee,35603,Less than one year,Pizza Hut General Manager,Mid level,"$30,000 to $39,999",Yes,Yes,Food & Beverages,"More than 10,000 Employees",Disagree,Neither agree nor disagree,Neither agree nor disagree,Somewhat disagree,Strongly disagree,Disagree
11471667332,White,Female,55-64,Bachelor's Degree,Temporary/Seasonal,37240,Less than one year,Admissions Evaluator,Entry level,"Less than $10,000",No,No,Education,"1,000 to 10,000 Employees",Agree,Somewhat agree,Neither agree nor disagree,Agree,Agree,Somewhat agree
11471664506,White,Male,35-44,Some College,Self Employed/Entrepreneur,35203,Five to ten years,CEO,"C Suite (CEO, CFO, COO, CTO, CSO)","$50,000 to $59,999",No Answer,No,Advertising & Marketing,Less than 50 Employees,Strongly agree,Agree,Agree,Neither agree nor disagree,Disagree,Agree
11471650724,White,Female,18-24,High School Diploma/GED,Full Time Employee,35242,One to five years,Administrative Coordinator,Entry level,"$20,000 to $29,999",Yes,Yes,Social/Public Services,50 to 250 Employees,Strongly agree,Strongly agree,Somewhat agree,Neither agree nor disagree,Neither agree nor disagree,Agree
11471648577,Native American/Alaska Native,Female,35-44,Bachelor's Degree,Full Time Employee,35244,One to five years,Dance Educator - Department Director,Mid level,"$50,000 to $59,999",Yes,No,Education,"1,000 to 10,000 Employees",Agree,Somewhat agree,Strongly agree,Agree,Agree,Agree
11471643840,White,Female,25-34,Bachelor's Degree,Full Time Employee,98208,One to five years,Environmental Health Specialist,Mid level,"$60,000 to $69,999",Yes,No,Social/Public Services,50 to 250 Employees,Agree,Agree,Somewhat agree,Neither agree nor disagree,Strongly agree,Agree
11471622327,White,Female,35-44,Master's Degree or Higher,Full Time Employee,35233,Five to ten years,Coordinator,Mid level,"$50,000 to $59,999",Yes,Yes,Healthcare & Pharmaceuticals,"1,000 to 10,000 Employees",Strongly agree,Agree,Agree,Agree,Strongly agree,Agree
11471602497,Black/African American,Female,55-64,Bachelor's Degree,Full Time Employee,35214,Ten years or more,Unit secretary,Senior level,"$40,000 to $49,999",No Answer,Yes,Healthcare & Pharmaceuticals,"1,000 to 10,000 Employees",Agree,Strongly agree,Agree,Somewhat agree,Somewhat agree,Agree
11471595633,White,Female,45-54,High School Diploma/GED,Self Employed/Entrepreneur,35216,Ten years or more,President/CEO,"C Suite (CEO, CFO, COO, CTO, CSO)","$100,000 to $149,999",No Answer,No,Home service,Less than 50 Employees,Strongly agree,Strongly agree,Strongly agree,Strongly agree,Strongly agree,Strongly agree
11471588898,White,Female,25-34,Bachelor's Degree,Full Time Employee,35244,Five to ten years,Director of International Programs,Mid level,"$20,000 to $29,999",Yes,No,Nonprofit,Less than 50 Employees,Strongly agree,Neither agree nor disagree,Agree,Neither agree nor disagree,Agree,Agree
11471584928,White,Female,55-64,Bachelor's Degree,Full Time Employee,35203,One to five years,Admin,Mid level,"$40,000 to $49,999",No,No,Finance & Financial Services,"1,000 to 10,000 Employees",Agree,Somewhat agree,Somewhat disagree,Somewhat disagree,Strongly agree,Disagree
11471536258,Black/African American,Female,25-34,Bachelor's Degree,Full Time Employee,35203,One to five years,Director,Senior level,"$50,000 to $59,999",Yes,No,Nonprofit,Less than 50 Employees,Agree,Agree,Agree,Strongly agree,Strongly agree,Somewhat agree
11471430880,White,Male,45-54,Some College,Self Employed/Entrepreneur,35203,One to five years,Partner,"C Suite (CEO, CFO, COO, CTO, CSO)",Prefer not to answer,No Answer,,Information Technology and Services,Less than 50 Employees,Neither agree nor disagree,Strongly agree,Strongly agree,Neither agree nor disagree,Somewhat disagree,Strongly agree
11471419094,White,Female,25-34,Bachelor's Degree,Full Time Employee,35212,One to five years,Senior SEO Coordinator,Senior level,"$40,000 to $49,999",Yes,Yes,Advertising & Marketing,50 to 250 Employees,Strongly agree,Neither agree nor disagree,Strongly agree,Strongly agree,Strongly agree,Strongly agree
11471373286,White,Male,25-34,Master's Degree or Higher,Full Time Employee,98033,One to five years,Human Resources Manager,Senior level,"$100,000 to $149,999",No,Yes,Airlines & Aerospace (including Defense),50 to 250 Employees,Somewhat agree,Strongly agree,Agree,Neither agree nor disagree,Agree,Somewhat agree
11471368788,White,Male,35-44,Master's Degree or Higher,Full Time Employee,35550,Ten years or more,Teacher,Unsure,"$70,000 to $79,999",No,No,Education,"250 to 1,000 Employees",Agree,Agree,Strongly agree,Disagree,Strongly agree,Somewhat agree
11471321903,White,Female,45-54,Master's Degree or Higher,Full Time Employee,35203,Less than one year,Director of Membership & Events,Senior level,"$40,000 to $49,999",No,No,Nonprofit,Less than 50 Employees,Agree,Disagree,Neither agree nor disagree,Neither agree nor disagree,Neither agree nor disagree,Neither agree nor disagree
11471229557,White,Male,45-54,Bachelor's Degree,Long Term Contract Employee,35244,Less than one year,Senior Software Architect,Senior level,"$100,000 to $149,999",No,No,Information Technology and Services,50 to 250 Employees,Neither agree nor disagree,Strongly agree,Somewhat disagree,Disagree,Disagree,Somewhat disagree
11471071354,Hispanic/Latino,Female,35-44,Some High School,Full Time Employee,91105,Ten years or more,Supervisor,Mid level,"$30,000 to $39,999",Yes,Yes,,,,,,,,
11470967219,Black/African American,Male,35-44,Vocational/Technical School,Full Time Employee,60148,Five to ten years,System Admimistrator,Senior level,"$80,000 to $89,999",Yes,Yes,Manufacturing,"1,000 to 10,000 Employees",Somewhat disagree,Somewhat agree,Somewhat disagree,Disagree,Agree,Neither agree nor disagree
11470961293,White,Male,55-64,Master's Degree or Higher,Full Time Employee,45267,Ten years or more,Nurse anesthetist,Health care provider,"$150,000 or more",No,Yes,Healthcare & Pharmaceuticals,50 to 250 Employees,Agree,Somewhat agree,Agree,Neither agree nor disagree,Somewhat disagree,Neither agree nor disagree
11470887090,White,Male,18-24,High School Diploma/GED,Full Time Employee,35210,Less than one year,Guest Service Advisor,Entry level,"$30,000 to $39,999",Yes,No,Entertainment & Leisure,"250 to 1,000 Employees",Agree,Somewhat agree,Strongly agree,Somewhat agree,Strongly agree,Strongly agree
11470782849,White,Female,18-24,Bachelor's Degree,Full Time Employee,35205,One to five years,NURSE,Entry level,"$50,000 to $59,999",No,Yes,Healthcare & Pharmaceuticals,"1,000 to 10,000 Employees",Agree,Agree,Strongly agree,Somewhat agree,Agree,Strongly agree
11470776164,White,Female,25-34,Bachelor's Degree,Full Time Employee,35203,One to five years,Bar Manager,Senior level,"$40,000 to $49,999",Yes,Yes,Food & Beverages,Less than 50 Employees,Somewhat agree,Disagree,Somewhat agree,Somewhat agree,Neither agree nor disagree,Somewhat agree
11470755683,White,Male,25-34,Some College,Full Time Employee,35243,One to five years,DevOps Manager,Senior level,"$100,000 to $149,999",Yes,Yes,"Telecommunications, Technology, Internet & Electronics","250 to 1,000 Employees",Agree,Strongly agree,Strongly agree,Agree,Somewhat agree,Strongly agree
11470664642,Multiracial/Multiethnic,Male,35-44,Master's Degree or Higher,Full Time Employee,54905,One to five years,IT Architect,Senior level,"$100,000 to $149,999",No,Yes,Transportation & Delivery,"1,000 to 10,000 Employees",Agree,Agree,Agree,Agree,Agree,Agree
11470604856,White,Male,25-34,Bachelor's Degree,Full Time Employee,35294,Less than one year,Respiratory Therapist,Entry level,"$30,000 to $39,999",Yes,Yes,,,,,,,,
11470533950,Black/African American,Female,25-34,Some College,Full Time Employee,35209,One to five years,Assistant warehouse manager,Mid level,"$50,000 to $59,999",No,Yes,Business Support & Logistics,"250 to 1,000 Employees",Disagree,Somewhat agree,Strongly disagree,Strongly disagree,,
11470325370,White,Male,25-34,Bachelor's Degree,Full Time Employee,35209,Five to ten years,Portfolio Manager,Mid level,"$100,000 to $149,999",Yes,Yes,Finance & Financial Services,"1,000 to 10,000 Employees",Agree,Agree,Agree,Agree,Somewhat disagree,Agree
11470299334,White,Female,35-44,Bachelor's Degree,Full Time Employee,30319,Less than one year,BI Analyst,Mid level,"$100,000 to $149,999",No,No,Recruiting,"1,000 to 10,000 Employees",Agree,Agree,Strongly agree,Strongly agree,Somewhat agree,Agree
11470272700,Black/African American,Male,25-34,Bachelor's Degree,Full Time Employee,35203,Less than one year,Customer Support,Mid level,"$30,000 to $39,999",No,Yes,Business Support & Logistics,"250 to 1,000 Employees",Agree,Agree,Somewhat agree,Neither agree nor disagree,Strongly agree,Strongly agree
11470096321,White,M,45-54,Master's Degree or Higher,Full Time Employee,35233,One to five years,Infosec Eng,Mid level,"$80,000 to $89,999",No,No,Education,"More than 10,000 Employees",Neither agree nor disagree,Agree,Agree,Somewhat agree,Somewhat agree,Somewhat agree
11470080756,White,Male,35-44,Bachelor's Degree,Self Employed/Entrepreneur,61548,One to five years,Agency owner,Senior level,"$150,000 or more",Yes,Yes,Insurance,Less than 50 Employees,Strongly agree,Strongly agree,Strongly agree,Strongly agree,Strongly agree,Strongly agree
11469887805,White,Female,18-24,Bachelor's Degree,Full Time Employee,35233,One to five years,RN,Entry level,"$40,000 to $49,999",No,Yes,Healthcare & Pharmaceuticals,"More than 10,000 Employees",Agree,Somewhat agree,Agree,Somewhat agree,Agree,Agree
11469811230,White,Female,55-64,Bachelor's Degree,Full Time Employee,61547,Five to ten years,,Mid level,"$60,000 to $69,999",Yes,Yes,Manufacturing,"More than 10,000 Employees",Strongly agree,Strongly agree,Strongly agree,Strongly agree,Strongly agree,Strongly agree
11469772036,White,Male,55-64,Bachelor's Degree,Full Time Employee,36035,Ten years or more,Sales representative,Senior level,Prefer not to answer,No Answer,,"Construction, Machinery, and Homes",Less than 50 Employees,Strongly agree,Strongly agree,Strongly agree,Strongly agree,Strongly agree,Strongly agree
11469738774,White,Female,25-34,Master's Degree or Higher,Full Time Employee,35222,One to five years,Workforce Programs Specialist,Mid level,"$30,000 to $39,999",Yes,No,Social/Public Services,Less than 50 Employees,Strongly agree,Agree,Strongly agree,Strongly agree,Strongly agree,Strongly agree
11469650520,White,m,45-54,Bachelor's Degree,Full Time Employee,35244,Ten years or more,,Mid level,"$30,000 to $39,999",No Answer,Yes,,,,,,,,
11469555412,White,Female,35-44,Some High School,Full Time Employee,35121,One to five years,Sever,Mid level,"$10,000 to $19,999",No,No,Food & Beverages,"250 to 1,000 Employees",Strongly agree,Strongly agree,Somewhat agree,Strongly disagree,Strongly disagree,Strongly disagree
11469475702,Hispanic/Latino,Female,18-24,Associate's Degree,Full Time Employee,35205,One to five years,Registered Respiratory therapist,Entry level,"$40,000 to $49,999",Yes,Yes,Healthcare & Pharmaceuticals,"1,000 to 10,000 Employees",Agree,Somewhat disagree,Strongly agree,Strongly agree,Strongly agree,Somewhat agree
11469446529,White,Female,18-24,Bachelor's Degree,Full Time Employee,35233,One to five years,Registered Nurse,Mid level,"$40,000 to $49,999",No,No,Healthcare & Pharmaceuticals,"More than 10,000 Employees",Agree,Somewhat disagree,Somewhat agree,Neither agree nor disagree,Agree,Neither agree nor disagree
11469392010,Black/African American,Male,25-34,Some College,Full Time Employee,35305,Less than one year,Research Specialist,Mid level,"$30,000 to $39,999",Yes,No,Healthcare & Pharmaceuticals,50 to 250 Employees,Strongly agree,Somewhat agree,Agree,Agree,Strongly agree,Strongly agree
11469274160,Asian,Male,35-44,Master's Degree or Higher,Full Time Employee,94538,One to five years,,Senior level,"$150,000 or more",Yes,Yes,Retail & Consumer Durables,"250 to 1,000 Employees",Strongly agree,Agree,Strongly agree,Agree,Agree,Agree
11469268058,White,Female,45-54,Some College,Full Time Employee,35504,Ten years or more,Insurance Coordinator,Senior level,"$30,000 to $39,999",No Answer,Yes,Healthcare & Pharmaceuticals,Less than 50 Employees,Strongly agree,Strongly agree,Strongly agree,Strongly agree,Strongly agree,Strongly agree
11469181501,White,Male,35-44,Bachelor's Degree,Self Employed/Entrepreneur,35233,Five to ten years,CTO,"C Suite (CEO, CFO, COO, CTO, CSO)",Prefer not to answer,No Answer,,"Telecommunications, Technology, Internet & Electronics",Less than 50 Employees,Agree,Agree,Strongly agree,Agree,Agree,Agree
11469000483,White,Male,25-34,Master's Degree or Higher,Full Time Employee,35124,One to five years,Data Analyst,Entry level,"$80,000 to $89,999",No,Yes,Transportation & Delivery,50 to 250 Employees,Strongly agree,Agree,Strongly agree,Agree,Strongly agree,Strongly agree
11468987602,Hispanic/Latino,Male,45-54,Associate's Degree,Full Time Employee,60601,Ten years or more,Technician,Senior level,"$100,000 to $149,999",Yes,Yes,Airlines & Aerospace (including Defense),"More than 10,000 Employees",Agree,Agree,Agree,Neither agree nor disagree,Agree,Agree
11468896439,White,Male,25-34,Master's Degree or Higher,Full Time Employee,35210,One to five years,Assistant Operations Manager,Senior level,"$100,000 to $149,999",Yes,Yes,"Construction, Machinery, and Homes",50 to 250 Employees,Strongly agree,Strongly agree,Strongly agree,Strongly agree,Strongly agree,Strongly agree
11468888652,White,Male,35-44,Master's Degree or Higher,Self Employed/Entrepreneur,35203,One to five years,CEO,"C Suite (CEO, CFO, COO, CTO, CSO)","$30,000 to $39,999",No,No,Information Technology and Services,Less than 50 Employees,Agree,Agree,Agree,Agree,Somewhat disagree,Agree
11468475455,Hispanic/Latino,Male,18-24,High School Diploma/GED,Full Time Employee,72762,Five to ten years,Fresh Cap 1 Supervisor,Mid level,"$20,000 to $29,999",Yes,Yes,Advertising & Marketing,"250 to 1,000 Employees",Neither agree nor disagree,Neither agree nor disagree,Agree,Somewhat disagree,Neither agree nor disagree,Somewhat disagree
11468374117,White,Female,25-34,High School Diploma/GED,Self Employed/Entrepreneur,35503,Ten years or more,Director of Operations,Senior level,"$150,000 or more",Yes,No,Transportation & Delivery,Less than 50 Employees,Disagree,Agree,Agree,Agree,Disagree,Agree
11468173786,White,Female,25-34,Bachelor's Degree,Full Time Employee,35233,One to five years,Rn,Mid level,"$40,000 to $49,999",No,Yes,Healthcare & Pharmaceuticals,"1,000 to 10,000 Employees",Somewhat agree,Agree,Agree,Somewhat disagree,Agree,Agree
11468059677,Hispanic/Latino,Male,35-44,High School Diploma/GED,Full Time Employee,76103,One to five years,Maintenance tech,Mid level,"$30,000 to $39,999",Yes,No,Air Conditioning tech,50 to 250 Employees,Somewhat agree,Strongly disagree,Somewhat agree,Somewhat disagree,Strongly agree,Neither agree nor disagree
11468057474,White,Male,25-34,Associate's Degree,Full Time Employee,81321,One to five years,Respiratory Therapist,Mid level,"$70,000 to $79,999",No,Yes,Healthcare & Pharmaceuticals,"250 to 1,000 Employees",Agree,Agree,Agree,Somewhat agree,Somewhat agree,Neither agree nor disagree
11468056735,White,Male,45-54,Master's Degree or Higher,Full Time Employee,35244,Less than one year,Execution Analyst,Mid level,"$70,000 to $79,999",No,No,Finance & Financial Services,"1,000 to 10,000 Employees",Agree,Agree,Agree,Neither agree nor disagree,Neither agree nor disagree,Somewhat agree
11468055846,Hispanic/Latino,Female,25-34,Some College,Full Time Employee,76134,Five to ten years,Sterile tech,Mid level,"$30,000 to $39,999",Yes,Yes,Healthcare & Pharmaceuticals,"1,000 to 10,000 Employees",Strongly agree,Agree,Strongly agree,Agree,Strongly agree,Strongly agree
11468028782,White,Male,18-24,Bachelor's Degree,Full Time Employee,35211,One to five years,RN,Entry level,"$40,000 to $49,999",No Answer,Yes,Healthcare & Pharmaceuticals,"1,000 to 10,000 Employees",Somewhat disagree,Somewhat disagree,Neither agree nor disagree,Neither agree nor disagree,Somewhat agree,Somewhat agree
11468027747,White,Female,45-54,Associate's Degree,Full Time Employee,35205,One to five years,Sonographer II,Mid level,"$70,000 to $79,999",No,No,Healthcare & Pharmaceuticals,"1,000 to 10,000 Employees",Agree,Agree,Agree,Somewhat agree,Agree,Agree
11468019682,White,Female,25-34,Master's Degree or Higher,Full Time Employee,35233,One to five years,Nurse practitioner,Mid level,"$100,000 to $149,999",Yes,Yes,Healthcare & Pharmaceuticals,"1,000 to 10,000 Employees",Agree,Somewhat agree,Agree,Neither agree nor disagree,Somewhat agree,Neither agree nor disagree
11468015614,White,Male,45-54,High School Diploma/GED,Self Employed/Entrepreneur,35080,Less than one year,Owner,Senior level,Prefer not to answer,No Answer,,,,,,,,,
11467969853,White,Female,25-34,Associate's Degree,Full Time Employee,35203,Less than one year,Respiratory therapist,Mid level,"$20,000 to $29,999",No,No,Healthcare & Pharmaceuticals,"1,000 to 10,000 Employees",Neither agree nor disagree,Strongly disagree,Somewhat agree,Neither agree nor disagree,Disagree,Neither agree nor disagree
11467931538,White,female,18-24,Bachelor's Degree,Full Time Employee,35233,Less than one year,Respiratory Therapist,Entry level,"$40,000 to $49,999",No,No,Healthcare & Pharmaceuticals,"More than 10,000 Employees",Somewhat agree,Somewhat agree,Agree,Agree,Agree,Agree
11467887833,White,Female,45-54,High School Diploma/GED,Full Time Employee,61938,Ten years or more,SPD Tech,Entry level,"$40,000 to $49,999",No Answer,Yes,Healthcare & Pharmaceuticals,"More than 10,000 Employees",Strongly agree,Agree,Agree,Neither agree nor disagree,Agree,Agree
11467882613,Black/African American,Female,25-34,Bachelor's Degree,Full Time Employee,35243,Less than one year,Financial Services Officer,Entry level,"$30,000 to $39,999",Yes,Yes,Finance & Financial Services,50 to 250 Employees,Agree,Agree,Somewhat agree,Somewhat disagree,Strongly agree,Agree
11467881207,Black/African American,Female,55-64,Associate's Degree,Self Employed/Entrepreneur,45206,One to five years,Director,Senior level,"$30,000 to $39,999",Yes,,Social/Public Services,Less than 50 Employees,Neither agree nor disagree,Neither agree nor disagree,Agree,Somewhat agree,Disagree,Somewhat agree
11467868992,White,Female,65+,Master's Degree or Higher,Full Time Employee,36102,Ten years or more,Information specialist,Senior level,"$100,000 to $149,999",No Answer,No,Education,"More than 10,000 Employees",Strongly agree,Strongly agree,Somewhat agree,Neither agree nor disagree,Agree,Somewhat agree
11467843594,White,Female,35-44,Bachelor's Degree,Full Time Employee,35233,Five to ten years,RN,Entry level,"$50,000 to $59,999",No,Yes,Healthcare & Pharmaceuticals,"1,000 to 10,000 Employees",Somewhat agree,Somewhat agree,Somewhat agree,Somewhat disagree,Agree,Agree
11467836829,White,Female,25-34,Associate's Degree,Full Time Employee,35233,One to five years,Registered Respiratory Therapist,Mid level,"$50,000 to $59,999",No,Yes,Healthcare & Pharmaceuticals,"1,000 to 10,000 Employees",Neither agree nor disagree,Agree,Agree,Disagree,Agree,Neither agree nor disagree
11467835396,White,Female,45-54,Associate's Degree,Full Time Employee,35233,Five to ten years,Registered Respiratory Therapist,Senior level,"$50,000 to $59,999",No,Yes,Healthcare & Pharmaceuticals,"1,000 to 10,000 Employees",Somewhat disagree,Disagree,Somewhat disagree,Disagree,Disagree,Strongly disagree
11467832099,White,Female,45-54,Associate's Degree,Full Time Employee,35222,Ten years or more,Respiratory Therapust,Mid level,"$70,000 to $79,999",Yes,Yes,Healthcare & Pharmaceuticals,"More than 10,000 Employees",Agree,Agree,Somewhat agree,Neither agree nor disagree,Somewhat agree,Somewhat agree
11467826048,White,Female,35-44,Bachelor's Degree,Full Time Employee,35077,Less than one year,Instructor,Mid level,"$50,000 to $59,999",No,No,Education,"250 to 1,000 Employees",Strongly agree,Strongly agree,Strongly agree,Strongly agree,Strongly agree,Strongly agree
11467821212,White,Female,25-34,Bachelor's Degree,Temporary/Seasonal,35217,One to five years,PCT,Entry level,"Less than $10,000",Yes,Yes,Healthcare & Pharmaceuticals,"More than 10,000 Employees",Strongly agree,Strongly agree,Strongly agree,Somewhat agree,Agree,Agree
11467818866,White,Female,25-34,Master's Degree or Higher,Full Time Employee,35205,Five to ten years,Respiratory Therapist,Mid level,"$60,000 to $69,999",Yes,Yes,Healthcare & Pharmaceuticals,"More than 10,000 Employees",Agree,Agree,Agree,Somewhat agree,Strongly agree,Agree
11467816096,Hispanic/Latino,Female,25-34,Bachelor's Degree,Part Time Employee,35233,One to five years,RN,Senior level,"$50,000 to $59,999",Yes,Yes,Healthcare & Pharmaceuticals,"More than 10,000 Employees",Somewhat agree,Somewhat disagree,Somewhat agree,Neither agree nor disagree,,Somewhat agree
11467815797,Black/African American,Female,25-34,Master's Degree or Higher,Full Time Employee,35206,One to five years,Program Manager 2,Mid level,"$60,000 to $69,999",No,No,Healthcare & Pharmaceuticals,"More than 10,000 Employees",Agree,Somewhat agree,Neither agree nor disagree,Neither agree nor disagree,Agree,Agree
11467813069,Hispanic/Latino,Female,35-44,Some College,Full Time Employee,91731,Less than one year,Teacher,Mid level,"$30,000 to $39,999",No,No,Education,Less than 50 Employees,Somewhat agree,Disagree,Agree,Somewhat agree,Neither agree nor disagree,Somewhat disagree
11467797347,Hispanic/Latino,Females,35-44,Some College,Full Time Employee,90022,Ten years or more,Associate accounting,Mid level,"$40,000 to $49,999",Yes,Yes,Food & Beverages,"More than 10,000 Employees",Agree,Agree,Agree,Agree,Agree,Agree
11467762643,White,Female,55-64,Bachelor's Degree,Full Time Employee,35180,Ten years or more,RN,Mid level,"$70,000 to $79,999",Yes,Yes,Healthcare & Pharmaceuticals,"More than 10,000 Employees",Agree,Agree,Agree,Somewhat agree,Agree,Agree
11467754840,White,Female,,Bachelor's Degree,Full Time Employee,35209,One to five years,RN,Mid level,Prefer not to answer,No,No,Healthcare & Pharmaceuticals,"1,000 to 10,000 Employees",Somewhat agree,Somewhat agree,Agree,Neither agree nor disagree,Agree,Somewhat agree
11467741436,White,Male,55-64,Master's Degree or Higher,Self Employed/Entrepreneur,35504,One to five years,None,Senior level,"$50,000 to $59,999",No,No,"Construction, Machinery, and Homes",Less than 50 Employees,Agree,Agree,Agree,Neither agree nor disagree,Neither agree nor disagree,Neither agree nor disagree
11467736354,White,Female,18-24,Bachelor's Degree,Full Time Employee,35233,One to five years,Rn,Entry level,"$50,000 to $59,999",Yes,Yes,Healthcare & Pharmaceuticals,"More than 10,000 Employees",Strongly agree,Strongly agree,Strongly agree,Strongly agree,Strongly agree,Strongly agree
11467731237,White,Female,25-34,Bachelor's Degree,Part Time Employee,35233,One to five years,Registered Nurse,Entry level,"$30,000 to $39,999",No,Yes,Healthcare & Pharmaceuticals,"More than 10,000 Employees",Somewhat agree,Disagree,Neither agree nor disagree,Neither agree nor disagree,Strongly agree,Agree
11467718895,White,Male,45-54,Associate's Degree,Self Employed/Entrepreneur,35501,Ten years or more,Owner,Owner/president,"$50,000 to $59,999",No Answer,,Information Technology and Services,Less than 50 Employees,Agree,Agree,Agree,Agree,Agree,Agree
11467700272,White,Male,55-64,Associate's Degree,Full Time Employee,36250,Ten years or more,Engineer,Senior level,"$70,000 to $79,999",Yes,Yes,"Construction, Machinery, and Homes",Less than 50 Employees,Agree,Somewhat agree,Somewhat agree,Agree,Agree,Somewhat agree
11467693017,White,Female,25-34,Associate's Degree,Part Time Employee,35294,One to five years,Registered Respiratory Therapist,Mid level,"$10,000 to $19,999",No,Yes,Healthcare & Pharmaceuticals,"More than 10,000 Employees",Somewhat disagree,Somewhat agree,Agree,Neither agree nor disagree,Somewhat agree,Somewhat agree
11467684168,Hispanic/Latino,Male,45-54,Some College,Part Time Employee,90042,Five to ten years,In home supportive services,Entry level,"Less than $10,000",No,No,Education,"More than 10,000 Employees",Strongly agree,Agree,Agree,Somewhat agree,Agree,Agree
11467630908,White,Female,18-24,Bachelor's Degree,Full Time Employee,35233,One to five years,RN,Entry level,"$40,000 to $49,999",No,Yes,Healthcare & Pharmaceuticals,"1,000 to 10,000 Employees",Agree,Agree,Somewhat agree,Somewhat agree,Agree,Somewhat agree
11467614495,Hispanic/Latino,Female,45-54,Some College,Full Time Employee,90255,Less than one year,Registrar,Mid level,"$50,000 to $59,999",Yes,No,Education,"1,000 to 10,000 Employees",Agree,Disagree,Agree,Disagree,Somewhat agree,Neither agree nor disagree
11467610597,White,Female,25-34,Associate's Degree,Full Time Employee,35233,Less than one year,RN,Entry level,"$80,000 to $89,999",No,No,Healthcare & Pharmaceuticals,"1,000 to 10,000 Employees",Strongly agree,Strongly agree,Strongly agree,Agree,Strongly agree,Strongly agree
11467609685,Hispanic/Latino,Female,25-34,High School Diploma/GED,Full Time Employee,72719,Five to ten years,Farmer,Entry level,"$30,000 to $39,999",No,Yes,Agriculture,50 to 250 Employees,Strongly agree,Agree,Somewhat agree,Somewhat disagree,Agree,Somewhat agree
11467600612,White,Female,45-54,Some College,Full Time Employee,35501,Five to ten years,Paralegal,Mid level,"$40,000 to $49,999",No,Yes,Legal Services,Less than 50 Employees,Agree,Strongly agree,Strongly agree,Strongly agree,Strongly agree,Strongly agree
11467507270,White,Male,45-54,Master's Degree or Higher,Full Time Employee,45011,Ten years or more,CRNA,Senior level,"$150,000 or more",No Answer,Yes,Healthcare & Pharmaceuticals,50 to 250 Employees,Somewhat disagree,Somewhat disagree,Somewhat agree,Neither agree nor disagree,Somewhat agree,Somewhat agree
11467418435,Black/African American,Female,18-24,Some College,Part Time Employee,35216,One to five years,Personal Shopper,Entry level,"$10,000 to $19,999",No,No,Retail & Consumer Durables,"More than 10,000 Employees",Strongly disagree,Strongly disagree,Strongly disagree,Strongly disagree,Strongly disagree,
11467386380,White,Female,18-24,Associate's Degree,Full Time Employee,35233,Less than one year,Nurse,Entry level,"$50,000 to $59,999",No,No,Healthcare & Pharmaceuticals,"More than 10,000 Employees",Strongly agree,Strongly agree,Strongly agree,Strongly agree,Strongly agree,Strongly agree
11467284480,White,Female,25-34,Associate's Degree,Full Time Employee,35294,Less than one year,Sonographer,Mid level,"$60,000 to $69,999",No,Yes,Healthcare & Pharmaceuticals,"More than 10,000 Employees",Strongly agree,Strongly agree,Strongly agree,Strongly agree,Strongly agree,Strongly agree
11467253340,White,Female,45-54,Some College,Full Time Employee,35203,Five to ten years,Administration,Mid level,"$60,000 to $69,999",No,Yes,,,,,,,,
11467232606,White,Female,55-64,Master's Degree or Higher,Full Time Employee,45014,One to five years,Crna,Mid level,"$150,000 or more",No,Yes,Healthcare & Pharmaceuticals,"250 to 1,000 Employees",Agree,Agree,Agree,Disagree,Somewhat disagree,Disagree
11467223524,White,Female,25-34,Some College,Full Time Employee,35062,Less than one year,Daycare teacher,Mid level,"$10,000 to $19,999",No,No,Child Day Care Services,Less than 50 Employees,Somewhat agree,Somewhat disagree,Disagree,Somewhat agree,Strongly disagree,Somewhat disagree
11467172404,White,Male,25-34,Bachelor's Degree,Full Time Employee,35233,One to five years,Financial Analyst,Mid level,"$80,000 to $89,999",Yes,,Education,"More than 10,000 Employees",Disagree,Disagree,Neither agree nor disagree,Neither agree nor disagree,Neither agree nor disagree,Disagree
11467163651,White,Male,55-64,Master's Degree or Higher,Full Time Employee,45011,Five to ten years,CRNA,Senior level,"$150,000 or more",No,Yes,Healthcare & Pharmaceuticals,"1,000 to 10,000 Employees",Agree,Agree,Agree,Agree,Somewhat agree,Somewhat agree
11467154162,White,Female,45-54,Master's Degree or Higher,Full Time Employee,35062,Ten years or more,Teacher,Senior level,"$50,000 to $59,999",No,No,Education,"250 to 1,000 Employees",Somewhat disagree,Somewhat disagree,Somewhat disagree,Somewhat disagree,Somewhat agree,Neither agree nor disagree
11467123675,Black/African American,M,25-34,High School Diploma/GED,Long Term Contract Employee,35222,One to five years,UI developer,Entry level,"$50,000 to $59,999",No Answer,No,Finance & Financial Services,"More than 10,000 Employees",Agree,Agree,Agree,Agree,Somewhat disagree,Agree
11467116477,White,Female,35-44,Some College,Full Time Employee,35501,Less than one year,Prep cook,Mid level,"$20,000 to $29,999",No,Yes,Food & Beverages,"250 to 1,000 Employees",Somewhat agree,Somewhat agree,Somewhat agree,Somewhat agree,Somewhat agree,Somewhat disagree
11467104000,Black/African American,Male,25-34,Some College,Full Time Employee,35501,One to five years,EMD dispatcher,Entry level,"$20,000 to $29,999",No,Yes,EMS Services,"250 to 1,000 Employees",Agree,Neither agree nor disagree,Strongly agree,Somewhat disagree,Somewhat agree,Somewhat agree
11467096229,White,Female,25-34,High School Diploma/GED,Part Time Employee,35501,Less than one year,Host,Entry level,"$10,000 to $19,999",No,No,Food & Beverages,"250 to 1,000 Employees",Somewhat disagree,Somewhat agree,Somewhat disagree,Strongly disagree,Neither agree nor disagree,Strongly disagree
11467095424,White,Male,18-24,High School Diploma/GED,Full Time Employee,35096,Less than one year,Track car and locomotive maintenance,Entry level,"$40,000 to $49,999",No,No,Railroad,"More than 10,000 Employees",Strongly disagree,Agree,Somewhat agree,Somewhat agree,Strongly agree,Somewhat disagree
11467034044,White,M,25-34,Associate's Degree,Part Time Employee,35235,Less than one year,Customer Service Associate,Mid level,"Less than $10,000",No,No,Retail & Consumer Durables,50 to 250 Employees,Agree,Agree,Agree,Agree,Somewhat agree,Neither agree nor disagree
11466942760,White,Female,18-24,Associate's Degree,Full Time Employee,35062,Five to ten years,Childs care worker,Mid level,"$10,000 to $19,999",Yes,Yes,Child Day Care Services,Less than 50 Employees,Agree,Somewhat agree,Agree,Strongly agree,Somewhat disagree,Strongly agree
11466907894,White,Male,35-44,Bachelor's Degree,Full Time Employee,61611,Ten years or more,Software engineering manager,Mid level,"$150,000 or more",Yes,Yes,"Construction, Machinery, and Homes","More than 10,000 Employees",Agree,Agree,Agree,Agree,Agree,Agree
11466894128,Black/African American,Female,25-34,Associate's Degree,Full Time Employee,35068,One to five years,Sales manager,Mid level,"$40,000 to $49,999",Yes,Yes,Retail & Consumer Durables,"1,000 to 10,000 Employees",Somewhat agree,Strongly agree,Somewhat agree,Strongly disagree,Strongly agree,Strongly agree
11466894078,White,Female,55-64,Bachelor's Degree,Full Time Employee,35007,One to five years,Production Supervisor,Senior level,"$60,000 to $69,999",Yes,No,Education,Less than 50 Employees,Strongly agree,Strongly agree,Agree,Strongly agree,Strongly agree,Strongly agree
11466811992,White,Female,45-54,Bachelor's Degree,Full Time Employee,35501,Ten years or more,Accounting Operations Manager,Mid level,"$80,000 to $89,999",Yes,Yes,Finance & Financial Services,"1,000 to 10,000 Employees",Strongly agree,Strongly agree,Strongly agree,Strongly agree,Strongly agree,Strongly agree
11466792057,White,Female,35-44,Bachelor's Degree,Full Time Employee,61615,Less than one year,Performance Improvement Specialist,Mid level,"$70,000 to $79,999",Yes,Yes,Healthcare & Pharmaceuticals,"More than 10,000 Employees",Strongly agree,Strongly agree,Strongly agree,Agree,Agree,Agree
11466766709,White,female,18-24,Some College,Part Time Employee,35501,Less than one year,Server,Mid level,"$10,000 to $19,999",No,No,Food & Beverages,50 to 250 Employees,Somewhat agree,Agree,Neither agree nor disagree,Neither agree nor disagree,Neither agree nor disagree,Neither agree nor disagree
11466762487,White,Female,25-34,Master's Degree or Higher,Full Time Employee,35504,Less than one year,Doctor of chiropractic,Entry level,"$80,000 to $89,999",No Answer,,Healthcare & Pharmaceuticals,Less than 50 Employees,,,,,,
11466760244,White,Female,55-64,,Self Employed/Entrepreneur,14221,One to five years,Real Estate Salesperson,Independent Contractor,"$20,000 to $29,999",No,No,Real Estate,50 to 250 Employees,Strongly agree,Strongly agree,Strongly agree,Agree,Somewhat agree,Strongly agree
11466759575,White,Female,25-34,High School Diploma/GED,Full Time Employee,35055,One to five years,Freight handler,Entry level,"$30,000 to $39,999",No,Yes,Transportation & Delivery,"1,000 to 10,000 Employees",Agree,Agree,Disagree,Disagree,Somewhat agree,Disagree
11466751899,White,Female,35-44,Associate's Degree,Self Employed/Entrepreneur,61548,Ten years or more,Child care provider,Owner,"$40,000 to $49,999",No,No,Child Day Care Services,Less than 50 Employees,Disagree,Strongly agree,Strongly agree,Neither agree nor disagree,Disagree,Neither agree nor disagree
11466735089,White,Female,45-54,Bachelor's Degree,Full Time Employee,61348,Ten years or more,Elementary teacher,Teacher,"$60,000 to $69,999",No,No,Education,50 to 250 Employees,Strongly agree,Agree,Neither agree nor disagree,Neither agree nor disagree,Somewhat agree,Agree
11466733461,White,Female,25-34,Some College,Full Time Employee,35981,One to five years,Certified pharmacy technician,Mid level,"$20,000 to $29,999",No,Yes,Healthcare & Pharmaceuticals,Less than 50 Employees,Somewhat agree,Agree,Agree,Disagree,Agree,Disagree
11466716181,White,Female,45-54,Bachelor's Degree,Full Time Employee,78250,Five to ten years,Director of Operations,Senior level,"$70,000 to $79,999",Yes,Yes,Dry Cleaning & Laundry,50 to 250 Employees,Somewhat agree,Somewhat agree,Agree,Somewhat agree,Somewhat agree,Neither agree nor disagree
11466670510,White,Man,35-44,Master's Degree or Higher,Self Employed/Entrepreneur,45069,Five to ten years,President,"C Suite (CEO, CFO, COO, CTO, CSO)","$150,000 or more",Yes,No,Healthcare & Pharmaceuticals,Less than 50 Employees,Somewhat agree,Agree,Agree,Agree,Agree,Agree
11466660777,White,Male,25-34,Master's Degree or Higher,Full Time Employee,35633,One to five years,Counselor,Senior level,"$50,000 to $59,999",Yes,Yes,Education,"250 to 1,000 Employees",Strongly agree,Agree,Somewhat agree,Strongly agree,Strongly agree,Strongly agree
11466650532,White,Female,25-34,Some College,Part Time Employee,35148,Less than one year,Shift lead,Entry level,"Less than $10,000",Yes,Yes,Food & Beverages,"1,000 to 10,000 Employees",Strongly agree,Agree,Strongly disagree,Somewhat agree,Strongly disagree,Neither agree nor disagree
11466650178,White,Female,25-34,Some College,Full Time Employee,35601,Five to ten years,Practice Manager,Mid level,"$60,000 to $69,999",Yes,No,Healthcare & Pharmaceuticals,"1,000 to 10,000 Employees",Strongly agree,Agree,Agree,Agree,Strongly agree,Somewhat agree
11466641878,White,Female,25-34,Vocational/Technical School,Full Time Employee,35148,One to five years,Hairstylist,Mid level,"Less than $10,000",No Answer,,Entertainment & Leisure,Less than 50 Employees,Strongly agree,Strongly agree,Strongly agree,Strongly agree,,Strongly agree
11466617605,White,Female,25-34,Associate's Degree,Full Time Employee,35205,Less than one year,Rn,RN,"$50,000 to $59,999",No,Yes,Healthcare & Pharmaceuticals,"250 to 1,000 Employees",Agree,Agree,Agree,Agree,Agree,Neither agree nor disagree
11466616931,White,Female,25-34,Bachelor's Degree,Short Term Contract Employee,80020,Less than one year,Travel RN,Mid level,"$70,000 to $79,999",No,No,Healthcare & Pharmaceuticals,"More than 10,000 Employees",Agree,Strongly agree,Somewhat agree,Neither agree nor disagree,Agree,Neither agree nor disagree
11466568950,White,Female,25-34,Associate's Degree,Full Time Employee,35205,One to five years,RN,Mid level,"$50,000 to $59,999",Yes,Yes,Healthcare & Pharmaceuticals,50 to 250 Employees,Strongly agree,Somewhat agree,Strongly agree,Agree,Agree,Agree
11466555125,White,Male,25-34,High School Diploma/GED,Full Time Employee,35214,One to five years,Deputy,Entry level,"$40,000 to $49,999",No,No,Law enforcement,"250 to 1,000 Employees",Somewhat agree,Somewhat disagree,Agree,Somewhat disagree,Agree,Neither agree nor disagree
11466529474,White,Female,25-34,Master's Degree or Higher,Full Time Employee,35180,One to five years,Individual and Family Therapist,Mid level,"$40,000 to $49,999",No,No,Substance Abuse Treatment,"250 to 1,000 Employees",Somewhat agree,Disagree,Somewhat agree,Strongly disagree,Somewhat disagree,Strongly disagree
11466482657,Black/African American,Female,35-44,Some College,Part Time Employee,35215,One to five years,Chart Retrieval Specialist,Entry level,"$30,000 to $39,999",No,No,Healthcare & Pharmaceuticals,"250 to 1,000 Employees",Agree,Agree,Agree,Neither agree nor disagree,Disagree,Disagree
11466478361,White,Female,45-54,Associate's Degree,Part Time Employee,35501,Less than one year,Personal Care,No levels at this position,"Less than $10,000",No,No,Social/Public Services,Less than 50 Employees,Strongly agree,Strongly agree,Strongly agree,Strongly agree,Strongly agree,Strongly agree
11466478212,Black/African American,Female,25-34,Bachelor's Degree,Full Time Employee,35233,Less than one year,Campus Recruiter,Mid level,"$50,000 to $59,999",No,Yes,"Construction, Machinery, and Homes","1,000 to 10,000 Employees",Somewhat disagree,Agree,Somewhat disagree,Agree,Strongly agree,Neither agree nor disagree
11466463311,Black/African American,Male,18-24,Some College,Full Time Employee,35205,One to five years,Valet Attendant,Mid level,"$20,000 to $29,999",Yes,Yes,Social/Public Services,Less than 50 Employees,Strongly agree,,Agree,Agree,Strongly agree,
11466414342,White,Male,25-34,Bachelor's Degree,Full Time Employee,80020,Five to ten years,RN,Mid level,"$80,000 to $89,999",No,Yes,Healthcare & Pharmaceuticals,"More than 10,000 Employees",Strongly disagree,Somewhat disagree,Neither agree nor disagree,Somewhat disagree,Strongly disagree,Strongly disagree
11466389707,Black/African American,Male,45-54,Some College,Full Time Employee,35209,Ten years or more,Specialist,Mid level,"$40,000 to $49,999",Yes,No,Finance & Financial Services,"More than 10,000 Employees",Agree,Somewhat agree,Somewhat agree,Somewhat agree,Agree,Somewhat agree
11466385019,White,Male,35-44,Some College,Full Time Employee,35242,Five to ten years,Senior Vice President,Senior level,"$100,000 to $149,999",No Answer,Yes,Finance & Financial Services,"1,000 to 10,000 Employees",Agree,Agree,Agree,Neither agree nor disagree,Neither agree nor disagree,Somewhat agree
11466384232,White,Male,55-64,Bachelor's Degree,Full Time Employee,37215,Less than one year,Chief Strategy Officer,"C Suite (CEO, CFO, COO, CTO, CSO)","$150,000 or more",Yes,Yes,Healthcare & Pharmaceuticals,"250 to 1,000 Employees",Strongly agree,Strongly agree,Strongly agree,Strongly agree,Agree,Agree
11466382437,Black/African American,Male,25-34,Bachelor's Degree,Full Time Employee,35205,One to five years,Access Worker,Mid level,"Less than $10,000",Yes,Yes,Healthcare & Pharmaceuticals,"250 to 1,000 Employees",Strongly agree,Strongly agree,Strongly agree,Strongly agree,Strongly agree,Strongly agree
11466365633,White,Female,35-44,High School Diploma/GED,Full Time Employee,35579,Five to ten years,Legal assistant,Senior level,"$40,000 to $49,999",No,Yes,Legal Services,Less than 50 Employees,Agree,Agree,Agree,Agree,Agree,Agree
11466365025,White,Male,45-54,Bachelor's Degree,Full Time Employee,35055,Ten years or more,Gm,Mid level,"$70,000 to $79,999",No Answer,Yes,,,,,,,,
11466361869,White,Male,35-44,Associate's Degree,Temporary/Seasonal,82190,One to five years,Warehouse Lead,Mid level,"$10,000 to $19,999",No,No,Food & Beverages,50 to 250 Employees,Somewhat agree,Strongly disagree,Somewhat disagree,Disagree,Somewhat disagree,Strongly disagree
11466358498,White,Female,55-64,Master's Degree or Higher,Full Time Employee,35216,Ten years or more,Teacher,Senior level,"$60,000 to $69,999",Yes,No,Education,"250 to 1,000 Employees",Agree,Somewhat agree,Agree,Agree,Agree,Somewhat agree
11466342363,White,Female,45-54,Some College,Full Time Employee,35504,Less than one year,Branch Office Administrator,Entry level,"$30,000 to $39,999",No,Yes,Finance & Financial Services,"More than 10,000 Employees",Strongly agree,Somewhat agree,Agree,Agree,Somewhat agree,Strongly agree
11466334572,White,female,45-54,Bachelor's Degree,Full Time Employee,35501,Five to ten years,Paralegal,Mid level,"$40,000 to $49,999",No,Yes,Legal Services,Less than 50 Employees,Somewhat agree,Agree,Neither agree nor disagree,Neither agree nor disagree,Agree,Neither agree nor disagree
11466333422,White,Male,35-44,Some College,Full Time Employee,35444,Five to ten years,Electrical Engineer,Mid level,"$150,000 or more",Yes,Yes,"Utilities, Energy, and Extraction","250 to 1,000 Employees",Agree,Agree,Strongly agree,Agree,Somewhat agree,Agree
11466333140,White,Male,35-44,Bachelor's Degree,Full Time Employee,35040,Less than one year,Teacher,Entry level,"$40,000 to $49,999",No,No,Education,"250 to 1,000 Employees",Somewhat agree,Agree,Strongly agree,Strongly agree,Strongly agree,Somewhat agree
11466329100,White,Female,55-64,Some College,Full Time Employee,35501,Ten years or more,Paralegal,Senior level,"$50,000 to $59,999",No Answer,Yes,Legal Services,Less than 50 Employees,Strongly agree,Strongly agree,Strongly agree,Strongly agree,Agree,Agree
11466306351,White,Female,18-24,Some College,Part Time Employee,37067,Less than one year,Consulting Intern,Entry level,"$50,000 to $59,999",Yes,No,Business Support & Logistics,"More than 10,000 Employees",Agree,Agree,Strongly agree,Agree,Strongly agree,Agree
11466306299,White,Male,18-24,Bachelor's Degree,Full Time Employee,35022,Less than one year,Management Trainee,Entry level,"$40,000 to $49,999",No,No,Transportation & Delivery,"More than 10,000 Employees",Strongly agree,Strongly agree,Strongly agree,Strongly agree,Strongly agree,Strongly agree
11466288537,White,Female,25-34,Some College,Full Time Employee,35243,Less than one year,Manager,Mid level,"$40,000 to $49,999",Yes,No,Food & Beverages,Less than 50 Employees,,,,,,
11466278511,White,Male,25-34,Bachelor's Degree,Full Time Employee,35226,One to five years,Patient Navigator,Entry level,"$30,000 to $39,999",Yes,No,Healthcare & Pharmaceuticals,50 to 250 Employees,Strongly agree,Agree,Agree,Agree,Somewhat agree,Somewhat agree
11466274635,Prefer not to say,Female,55-64,Bachelor's Degree,Long Term Contract Employee,36542,Ten years or more,Consultanr,Mid level,"$60,000 to $69,999",Yes,,,,,,,,,
11466269484,White,Male,45-54,Bachelor's Degree,Full Time Employee,35004,One to five years,Territory Sales Manager,Mid level,"$100,000 to $149,999",Yes,Yes,"Construction, Machinery, and Homes","1,000 to 10,000 Employees",Agree,Agree,Strongly agree,Agree,Agree,Agree
11466267289,White,Female,25-34,Master's Degree or Higher,Full Time Employee,35216,Less than one year,Teacher,Mid level,"$50,000 to $59,999",No,No,Education,50 to 250 Employees,Agree,Disagree,,Disagree,Agree,Agree
11466256206,White,Male,25-34,High School Diploma/GED,Full Time Employee,35202,One to five years,Team Lead,Mid level,"$40,000 to $49,999",Yes,No,Healthcare & Pharmaceuticals,"250 to 1,000 Employees",Agree,Agree,Strongly agree,Agree,Agree,Agree
11466253471,Black/African American,M,25-34,Master's Degree or Higher,Self Employed/Entrepreneur,89014,One to five years,"Research Analyst, Grant Writer",Mid level,"$30,000 to $39,999",No,No,,,,,,,,
11466235986,White,Female,45-54,Master's Degree or Higher,Full Time Employee,35216,Five to ten years,Teacher,Mid level,"$60,000 to $69,999",Yes,No,Education,50 to 250 Employees,Agree,Agree,Strongly agree,Somewhat agree,Strongly agree,Strongly agree
11466229762,White,Female,25-34,Bachelor's Degree,Full Time Employee,37215,Less than one year,Content Associate,Entry level,"$30,000 to $39,999",No,No,Education,Less than 50 Employees,Strongly agree,Strongly agree,Agree,Strongly agree,Somewhat agree,Agree
11466229299,White,Male,25-34,Master's Degree or Higher,Full Time Employee,37205,One to five years,English Teacher,Entry level,"$50,000 to $59,999",Yes,No,Education,50 to 250 Employees,Agree,Strongly agree,Agree,Agree,Somewhat agree,Agree
11466225178,White,Female,25-34,Bachelor's Degree,Part Time Employee,37221,One to five years,Nursery Coordinator,Mid level,"$20,000 to $29,999",Yes,Yes,Education,Less than 50 Employees,Strongly agree,Agree,Somewhat agree,Somewhat agree,Somewhat agree,Agree
11466221464,White,Male,25-34,Bachelor's Degree,Full Time Employee,35555,Five to ten years,Teacher,Tenured teacher,"$40,000 to $49,999",Yes,No,Education,"250 to 1,000 Employees",Agree,Agree,Agree,Agree,Agree,Agree
11466220877,White,Female,18-24,Bachelor's Degree,Full Time Employee,37211,One to five years,Implementation Manager,Mid level,"$50,000 to $59,999",Yes,Yes,Healthcare & Pharmaceuticals,50 to 250 Employees,Neither agree nor disagree,Agree,Somewhat agree,Somewhat disagree,Agree,Neither agree nor disagree
11466219471,White,Female,25-34,Master's Degree or Higher,Full Time Employee,35630,One to five years,Behavioral Therapist; Counselor,Mid level,"$40,000 to $49,999",Yes,Yes,Mental Health,Less than 50 Employees,Agree,Agree,Somewhat agree,Somewhat agree,Somewhat disagree,Agree
11466217479,White,Female,25-34,Vocational/Technical School,Full Time Employee,35501,Less than one year,Certified Surgical Technologist,Entry level,"$30,000 to $39,999",No,No,Healthcare & Pharmaceuticals,"1,000 to 10,000 Employees",Agree,Agree,Agree,Somewhat agree,Somewhat agree,Somewhat agree
11466200463,White,Male,45-54,Bachelor's Degree,Full Time Employee,35050,One to five years,Manager,Senior level,"$50,000 to $59,999",Yes,Yes,Food & Beverages,50 to 250 Employees,Disagree,Agree,Somewhat disagree,Somewhat disagree,Agree,Agree
11466192972,White,Female,25-34,Bachelor's Degree,Full Time Employee,37203,One to five years,Director of Content,Mid level,"$70,000 to $79,999",Yes,Yes,"Telecommunications, Technology, Internet & Electronics",Less than 50 Employees,Strongly agree,Strongly agree,Strongly agree,Strongly agree,Agree,Strongly agree
11466189554,White,Male,25-34,Bachelor's Degree,Full Time Employee,37243,One to five years,"Economist, Fiscal Analyst",Mid level,"$60,000 to $69,999",Yes,No,Government,"More than 10,000 Employees",Strongly agree,Strongly agree,Agree,Agree,Strongly agree,Strongly agree
11466182105,White,Female,55-64,Bachelor's Degree,Part Time Employee,37232,Less than one year,Staff RN,Entry level,"$20,000 to $29,999",No Answer,Yes,Healthcare & Pharmaceuticals,"More than 10,000 Employees",Strongly agree,Somewhat agree,Strongly agree,Strongly agree,Somewhat disagree,Strongly agree
11466171213,White,Female,25-34,Some College,Full Time Employee,35503,Five to ten years,Server,Entry level,"$10,000 to $19,999",No,No,Food & Beverages,Less than 50 Employees,Somewhat agree,Somewhat agree,Agree,Disagree,Somewhat agree,Disagree
11462496395,White,M,25-34,Master's Degree or Higher,Full Time Employee,35226,One to five years,IT Director,Senior level,"$150,000 or more",No,Yes,Insurance,"1,000 to 10,000 Employees",,,,,,
11460436213,White,Male,18-24,Associate's Degree,Full Time Employee,35216,Less than one year,Junior Data Analyst,Entry level,"$30,000 to $39,999",No,No,Information Technology and Services,Less than 50 Employees,Agree,Agree,Agree,Agree,Agree,Agree
11459955942,Black/African American,Female,25-34,Bachelor's Degree,Long Term Contract Employee,35222,One to five years,Business Analyst,Entry level,"$60,000 to $69,999",Yes,No,Finance & Financial Services,"More than 10,000 Employees",Neither agree nor disagree,Agree,Agree,Neither agree nor disagree,Neither agree nor disagree,Somewhat agree
11456883918,White,Female,25-34,Some College,Full Time Employee,28304,Less than one year,Medical assistant,Entry level,"$20,000 to $29,999",No,Yes,Healthcare & Pharmaceuticals,Less than 50 Employees,Agree,Agree,Agree,Neither agree nor disagree,Somewhat disagree,Agree
11453125365,White,Female,25-34,Master's Degree or Higher,Full Time Employee,77204,Less than one year,Associate Director of BME Academic Programs,Mid level,"$40,000 to $49,999",No,No,Education,"1,000 to 10,000 Employees",Strongly agree,Agree,Agree,Agree,Strongly agree,Strongly agree
11449702424,White,Male,55-64,Bachelor's Degree,Self Employed/Entrepreneur,35203,One to five years,President,"C Suite (CEO, CFO, COO, CTO, CSO)","$100,000 to $149,999",Yes,No,Information Technology and Services,Less than 50 Employees,Neither agree nor disagree,Neither agree nor disagree,Strongly agree,Neither agree nor disagree,Neither agree nor disagree,Strongly agree
11449430229,White,Female,55-64,Master's Degree or Higher,Full Time Employee,35203,Ten years or more,Integrated Library Systems Administrator,Senior level,"$80,000 to $89,999",Yes,No,Nonprofit,Less than 50 Employees,Agree,Strongly agree,Strongly agree,Agree,Strongly agree,Strongly agree
11449429587,White,female,35-44,Master's Degree or Higher,Full Time Employee,35223,One to five years,Volunteer Coordinator,Mid level,"$40,000 to $49,999",No Answer,Yes,Nonprofit,Less than 50 Employees,Strongly agree,Agree,Somewhat agree,Agree,Agree,Agree
11449426676,White,Female,25-34,Master's Degree or Higher,Full Time Employee,35203,Less than one year,Director,"C Suite (CEO, CFO, COO, CTO, CSO)","$70,000 to $79,999",Yes,No,Education,"More than 10,000 Employees",Strongly agree,Agree,Agree,Agree,Strongly agree,Somewhat agree
11449423973,White,Female,35-44,Bachelor's Degree,Full Time Employee,35203,Less than one year,VP of Sales,Senior level,Prefer not to answer,Yes,Yes,"Telecommunications, Technology, Internet & Electronics",Less than 50 Employees,,,,,,
11448659278,White,Female,25-34,Master's Degree or Higher,Full Time Employee,35125,Less than one year,Director,Senior level,"$90,000 to $99,999",No,No,Education,50 to 250 Employees,Somewhat agree,Agree,Agree,Neither agree nor disagree,Agree,Somewhat agree
11447232896,White,Female,25-34,Vocational/Technical School,Full Time Employee,35160,One to five years,Parmedic,Mid level,"$40,000 to $49,999",No,No,Healthcare & Pharmaceuticals,50 to 250 Employees,Somewhat disagree,Disagree,Neither agree nor disagree,Disagree,Somewhat agree,Somewhat disagree
11447215029,Hispanic/Latino,Female,25-34,High School Diploma/GED,Full Time Employee,90023,Five to ten years,Sales associate on,Entry level,Prefer not to answer,No Answer,,Advertising & Marketing,"1,000 to 10,000 Employees",Somewhat agree,Somewhat agree,Somewhat agree,Somewhat disagree,Somewhat agree,Disagree
11447205695,White,Female,25-34,Some College,Part Time Employee,36207,Less than one year,Substitute teacher,Entry level,"$10,000 to $19,999",No,No,Education,"250 to 1,000 Employees",Strongly agree,Disagree,Neither agree nor disagree,Neither agree nor disagree,Neither agree nor disagree,Neither agree nor disagree
11447002678,Black/African American,Female,35-44,Bachelor's Degree,Full Time Employee,35244,One to five years,Enrollment services specialist,Entry level,"$60,000 to $69,999",No,Yes,Insurance,"1,000 to 10,000 Employees",Strongly agree,Strongly agree,Strongly agree,Strongly agree,Strongly agree,Strongly agree
11446672072,Hispanic/Latino,Female,55-64,Bachelor's Degree,Self Employed/Entrepreneur,35004,Ten years or more,Senior Partner,"C Suite (CEO, CFO, COO, CTO, CSO)","$60,000 to $69,999",Yes,Yes,,,,,,,,
11446582142,Black/African American,Female,55-64,Associate's Degree,Self Employed/Entrepreneur,35206,One to five years,Executive Director,Senior level,"$10,000 to $19,999",No Answer,No,Nonprofit,Less than 50 Employees,Agree,Somewhat disagree,Somewhat agree,Neither agree nor disagree,Strongly disagree,Strongly agree
11446563474,White,Female,18-24,Some College,Full Time Employee,35242,One to five years,Customer Service Representative,Mid level,"Less than $10,000",Yes,No,Retail & Consumer Durables,"1,000 to 10,000 Employees",Somewhat disagree,Somewhat disagree,Disagree,Disagree,Disagree,Disagree
11446441134,Black/African American,Female,35-44,High School Diploma/GED,Full Time Employee,35211,Ten years or more,Teacher,Mid level,"$10,000 to $19,999",Yes,Yes,Child Day Care Services,Less than 50 Employees,Strongly agree,Strongly agree,Strongly agree,Somewhat agree,Somewhat agree,Agree
11446391417,Black/African American,Female,35-44,Bachelor's Degree,Full Time Employee,35244,Ten years or more,Computer programmer/analyst,Mid level,"$100,000 to $149,999",Yes,No,"Telecommunications, Technology, Internet & Electronics","1,000 to 10,000 Employees",Agree,Somewhat agree,Somewhat agree,Neither agree nor disagree,Agree,Somewhat disagree
11446277194,Black/African American,Female,45-54,Master's Degree or Higher,Full Time Employee,29651,Less than one year,Supervisor,Mid level,"$90,000 to $99,999",No,No,Automotive,"1,000 to 10,000 Employees",Agree,Agree,Agree,Somewhat agree,Agree,Somewhat agree
11446163938,Black/African American,Female,35-44,Some College,Full Time Employee,35235,Five to ten years,Tech Admin II,Mid level,"$40,000 to $49,999",No,Yes,Building Codes,"250 to 1,000 Employees",Agree,Agree,Agree,Agree,Agree,Agree
11446163068,Black/African American,Female,35-44,High School Diploma/GED,Full Time Employee,35243,One to five years,Unit Secretary,Entry level,"$20,000 to $29,999",Yes,No,Healthcare & Pharmaceuticals,"1,000 to 10,000 Employees",Agree,Neither agree nor disagree,Agree,Neither agree nor disagree,Somewhat disagree,Agree
11446118992,Black/African American,Female,35-44,Some College,Full Time Employee,35215,Ten years or more,Quality Analyst,Mid level,"$40,000 to $49,999",Yes,Yes,Finance & Financial Services,"More than 10,000 Employees",Agree,Agree,Agree,Agree,Agree,Agree
11446077776,Black/African American,Female,35-44,Master's Degree or Higher,Full Time Employee,20036,One to five years,Manager,Senior level,"$100,000 to $149,999",Yes,No,Union,"250 to 1,000 Employees",Agree,Agree,Agree,Agree,Strongly agree,Agree
11446012564,Black/African American,F,55-64,Master's Degree or Higher,Full Time Employee,35207,One to five years,Educate,Senior level,"$60,000 to $69,999",No,Yes,Education,"1,000 to 10,000 Employees",Somewhat agree,Somewhat agree,Somewhat agree,Disagree,Agree,Agree
11445907458,Black/African American,Female,55-64,Associate's Degree,Full Time Employee,35020,One to five years,Administrative Assistant,Senior level,"$30,000 to $39,999",No,Yes,Government,"1,000 to 10,000 Employees",Agree,Strongly agree,Strongly agree,Agree,Strongly agree,Strongly agree
11445906793,Black/African American,Female,35-44,Bachelor's Degree,Full Time Employee,27709,Ten years or more,Regional Quality Assurance Manager,Senior level,"$100,000 to $149,999",Yes,Yes,Healthcare & Pharmaceuticals,"More than 10,000 Employees",Agree,Agree,Agree,Somewhat agree,Strongly agree,Strongly agree
11445884768,Black/African American,Female,35-44,Master's Degree or Higher,Full Time Employee,35203,Ten years or more,Csr,Entry level,"$50,000 to $59,999",No,Yes,"Utilities, Energy, and Extraction","More than 10,000 Employees",Strongly disagree,Disagree,Strongly disagree,Strongly disagree,Somewhat agree,Strongly disagree
11445818283,Black/African American,Female,25-34,Master's Degree or Higher,Full Time Employee,35217,One to five years,Teacher,Entry level,"$50,000 to $59,999",No,No,Education,50 to 250 Employees,Somewhat agree,Somewhat disagree,Disagree,Strongly disagree,Somewhat agree,Somewhat disagree
11445774816,Black/African American,Female,25-34,Master's Degree or Higher,Full Time Employee,35124,Five to ten years,Occupational Therapist,Mid level,"$100,000 to $149,999",Yes,Yes,Healthcare & Pharmaceuticals,50 to 250 Employees,Agree,Strongly agree,Agree,Disagree,Agree,Disagree
11445760341,Black/African American,Female,35-44,Associate's Degree,Full Time Employee,35209,Five to ten years,Patient Access Representative,Mid level,"$30,000 to $39,999",Yes,Yes,Insurance,"250 to 1,000 Employees",Strongly agree,Somewhat agree,Agree,Strongly agree,Somewhat agree,Agree
11445756626,White,Female,55-64,Some College,Full Time Employee,35217,Ten years or more,Patient Care Tech,Mid level,"$20,000 to $29,999",No,Yes,Healthcare & Pharmaceuticals,"1,000 to 10,000 Employees",Agree,Disagree,Somewhat agree,Somewhat disagree,Agree,Somewhat disagree
11445755739,Black/African American,Female,35-44,Bachelor's Degree,Full Time Employee,35211,One to five years,Banker,Entry level,"$50,000 to $59,999",No,Yes,Banking,"More than 10,000 Employees",Strongly agree,Disagree,Somewhat disagree,Strongly disagree,Strongly agree,Disagree
11445726106,White,Female,45-54,Associate's Degree,Full Time Employee,35294,One to five years,Registered Respiratory Therapist,Senior level,"$60,000 to $69,999",No,Yes,Healthcare & Pharmaceuticals,"1,000 to 10,000 Employees",Somewhat agree,Somewhat disagree,Neither agree nor disagree,Disagree,Neither agree nor disagree,Disagree
11445446213,White,Male,25-34,Bachelor's Degree,Full Time Employee,35209,One to five years,IT Recruiting Manager,Mid level,"$150,000 or more",Yes,Yes,Information Technology and Services,Less than 50 Employees,Strongly agree,Strongly agree,Somewhat agree,Neither agree nor disagree,Somewhat agree,Somewhat agree
11445115926,Black/African American,Female,35-44,Master's Degree or Higher,Full Time Employee,35211,One to five years,Community Development Coordinator,Mid level,"$50,000 to $59,999",No Answer,,Healthcare & Pharmaceuticals,"250 to 1,000 Employees",Strongly agree,Somewhat agree,Strongly agree,Somewhat agree,Strongly agree,Somewhat agree
11444905635,White,Male,25-34,Master's Degree or Higher,Full Time Employee,35243,One to five years,Nurse practitioner,Mid level,"$100,000 to $149,999",No,No,Healthcare & Pharmaceuticals,"250 to 1,000 Employees",Strongly agree,Agree,Agree,Neither agree nor disagree,Agree,Neither agree nor disagree
11443988489,White,Male,25-34,Associate's Degree,Full Time Employee,35233,One to five years,Acute care lead respiratory therapist,Mid level,"$40,000 to $49,999",Yes,Yes,Healthcare & Pharmaceuticals,"1,000 to 10,000 Employees",Agree,Somewhat agree,Strongly agree,Somewhat agree,Agree,Agree
11443958780,White,Female,25-34,Master's Degree or Higher,Full Time Employee,35294,One to five years,Nurse Practitioner,Mid level,"$100,000 to $149,999",No,Yes,Healthcare & Pharmaceuticals,"1,000 to 10,000 Employees",Agree,Agree,Agree,Agree,Agree,Strongly agree
11443942871,Multiracial/Multiethnic,Female,25-34,Associate's Degree,Full Time Employee,35209,One to five years,Respiratory therapist,Mid level,"$50,000 to $59,999",No,Yes,Healthcare & Pharmaceuticals,"More than 10,000 Employees",Agree,Disagree,Somewhat agree,Disagree,Disagree,Disagree
11443931482,White,Female,25-34,Bachelor's Degree,Part Time Employee,35233,Five to ten years,RN,Mid level,"$20,000 to $29,999",No,Yes,Social/Public Services,"1,000 to 10,000 Employees",Neither agree nor disagree,Somewhat disagree,Neither agree nor disagree,Neither agree nor disagree,Neither agree nor disagree,Somewhat agree
11443756848,White,Female,45-54,Associate's Degree,Full Time Employee,35216,Ten years or more,Respiratory Therapist,Entry level,"$60,000 to $69,999",No,No,Healthcare & Pharmaceuticals,"1,000 to 10,000 Employees",Somewhat disagree,Agree,Somewhat agree,Strongly disagree,Agree,Disagree
11443723980,Hispanic/Latino,Female,25-34,Master's Degree or Higher,Full Time Employee,35071,Five to ten years,Nurse Practitioner,Mid level,"$100,000 to $149,999",No,Yes,Healthcare & Pharmaceuticals,"More than 10,000 Employees",Neither agree nor disagree,Neither agree nor disagree,Somewhat agree,Neither agree nor disagree,Somewhat agree,Neither agree nor disagree
11443658432,White,Male,35-44,Associate's Degree,Full Time Employee,35233,Ten years or more,Registered Respiratory Therapist,Entry level,"$40,000 to $49,999",No,Yes,Healthcare & Pharmaceuticals,"More than 10,000 Employees",Somewhat agree,Neither agree nor disagree,Agree,Somewhat disagree,Agree,Strongly agree
11443557979,White,Female,45-54,Associate's Degree,Full Time Employee,35294,Ten years or more,Registered Respiratory Therapist,Senior level,"$60,000 to $69,999",No,Yes,Healthcare & Pharmaceuticals,"1,000 to 10,000 Employees",Agree,Disagree,Neither agree nor disagree,Somewhat agree,Agree,Agree
11443466730,White,female,18-24,Some College,Full Time Employee,35504,Less than one year,Consumer Specialist,Mid level,"$20,000 to $29,999",Yes,Yes,Healthcare & Pharmaceuticals,Less than 50 Employees,Agree,Somewhat agree,Strongly agree,Agree,Somewhat agree,Strongly agree
11443217977,Black/African American,Female,35-44,Master's Degree or Higher,Full Time Employee,35203,Less than one year,Economic Development Specialist,Mid level,"$60,000 to $69,999",No,No,Government,"1,000 to 10,000 Employees",Strongly agree,Strongly agree,Strongly agree,Neither agree nor disagree,Strongly agree,Strongly agree
11443206877,Black/African American,Female,35-44,Some College,Full Time Employee,35216,Ten years or more,Compliance Investigator,Mid level,"$50,000 to $59,999",Yes,Yes,Finance & Financial Services,"More than 10,000 Employees",Strongly agree,Strongly agree,Strongly agree,Strongly agree,Strongly agree,Strongly agree
11443205950,White,Male,45-54,Master's Degree or Higher,Full Time Employee,36203,One to five years,Chief Technology Officer,"C Suite (CEO, CFO, COO, CTO, CSO)","$150,000 or more",No,No,Government,"1,000 to 10,000 Employees",Agree,Agree,Agree,Somewhat disagree,Agree,Agree
11443193062,White,female,18-24,High School Diploma/GED,Part Time Employee,35504,Less than one year,art studio assistant/ intern,Entry level,Other (please specify),No,No,Entertainment & Leisure,Less than 50 Employees,Strongly agree,Agree,Somewhat agree,Agree,Strongly agree,Strongly agree
11442823145,White,Female,55-64,Bachelor's Degree,Full Time Employee,35203,Less than one year,Operations specialist,Entry level,"$30,000 to $39,999",No,No,"Telecommunications, Technology, Internet & Electronics",Less than 50 Employees,Strongly agree,Strongly agree,Agree,Agree,Somewhat disagree,Agree
11442822178,Multiracial/Multiethnic,female,35-44,Master's Degree or Higher,Full Time Employee,35124,One to five years,Managing Director,"C Suite (CEO, CFO, COO, CTO, CSO)","$100,000 to $149,999",No,No,Government,Less than 50 Employees,Agree,Agree,Somewhat agree,Agree,Somewhat disagree,Somewhat agree
11442780508,White,Male,45-54,Master's Degree or Higher,Self Employed/Entrepreneur,35226,One to five years,Partner and CTO,"C Suite (CEO, CFO, COO, CTO, CSO)","$150,000 or more",No,No,Information Technology and Services,Less than 50 Employees,Strongly agree,Strongly agree,Strongly agree,Strongly agree,Strongly agree,Strongly agree
11442678856,White,Female,25-34,Bachelor's Degree,Full Time Employee,35203,One to five years,Devops Engineer,Mid level,"$70,000 to $79,999",Yes,Yes,"Telecommunications, Technology, Internet & Electronics",50 to 250 Employees,Agree,Somewhat agree,Agree,Agree,Somewhat agree,Strongly agree
11442617237,White,Male,25-34,Master's Degree or Higher,Full Time Employee,35203,One to five years,Search Engineer,Mid level,"$90,000 to $99,999",No,Yes,Information Technology and Services,"250 to 1,000 Employees",Agree,Strongly agree,Strongly agree,Agree,Strongly agree,Agree
11442550078,White,female,35-44,Bachelor's Degree,Full Time Employee,35203,One to five years,Sr Project Manager,Mid level,"$90,000 to $99,999",Yes,Yes,Healthcare & Pharmaceuticals,50 to 250 Employees,Strongly agree,Strongly agree,Strongly agree,Strongly agree,Agree,Strongly agree
11442543977,White,Female,25-34,Bachelor's Degree,Full Time Employee,35203,Less than one year,Customer Success Associate,Mid level,"$60,000 to $69,999",No,No,Finance & Financial Services,Less than 50 Employees,Strongly agree,Strongly agree,Somewhat agree,Neither agree nor disagree,Somewhat agree,Strongly agree
11442500967,White,Male,45-54,Some College,Full Time Employee,35233,One to five years,Senior Web Developer,Senior level,"$80,000 to $89,999",No,No,"Telecommunications, Technology, Internet & Electronics",Less than 50 Employees,Somewhat agree,Disagree,Neither agree nor disagree,Somewhat agree,Somewhat disagree,Neither agree nor disagree
11442482273,White,Male,25-34,Bachelor's Degree,Full Time Employee,35244,One to five years,Engineering Manager,Senior level,"$100,000 to $149,999",Yes,Yes,Information Technology and Services,"250 to 1,000 Employees",Somewhat agree,Strongly agree,Somewhat agree,Somewhat agree,Somewhat agree,Neither agree nor disagree
11442447025,White,Male,35-44,Bachelor's Degree,Self Employed/Entrepreneur,35203,One to five years,Partner,"C Suite (CEO, CFO, COO, CTO, CSO)","$80,000 to $89,999",No,No,,,,,,,,
11442434375,Prefer not to say,Male,35-44,Master's Degree or Higher,Full Time Employee,33324,One to five years,Senior Software Engineer,Senior level,"$100,000 to $149,999",No,No,Information Technology and Services,50 to 250 Employees,Strongly agree,Strongly agree,Somewhat agree,Neither agree nor disagree,Strongly agree,Somewhat agree
11442408416,White,Female,45-54,Master's Degree or Higher,Full Time Employee,35211,One to five years,Teacher,Senior level,"$50,000 to $59,999",No,No,Education,"1,000 to 10,000 Employees",Agree,Somewhat agree,Neither agree nor disagree,Neither agree nor disagree,Somewhat agree,Strongly agree
11442281523,White,Female,35-44,Bachelor's Degree,Full Time Employee,35077,Less than one year,Instructor,Mid level,"$60,000 to $69,999",No,No,Education,"250 to 1,000 Employees",Strongly agree,Strongly agree,Strongly agree,Agree,Strongly agree,Strongly agree
11442249805,White,Male,18-24,Some College,Full Time Employee,35242,One to five years,Head Dog Trainer,Mid level,"$10,000 to $19,999",Yes,No,Retail & Consumer Durables,"More than 10,000 Employees",Somewhat disagree,Strongly disagree,Agree,Somewhat agree,Somewhat agree,Agree
11442234103,Black/African American,Female,25-34,Bachelor's Degree,Full Time Employee,36109,Five to ten years,Senior Accountant,Senior level,"$50,000 to $59,999",Yes,No,Government,"More than 10,000 Employees",Strongly agree,Agree,Agree,Agree,Agree,Agree
11442128015,Black/African American,Female,35-44,Master's Degree or Higher,Self Employed/Entrepreneur,35215,One to five years,Hairstylist,"C Suite (CEO, CFO, COO, CTO, CSO)","$70,000 to $79,999",No Answer,,,,,,,,,
11442115165,Black/African American,Male,45-54,Some College,Full Time Employee,35209,Ten years or more,Banker,Mid level,"$40,000 to $49,999",Yes,No,Finance & Financial Services,"More than 10,000 Employees",Agree,Somewhat agree,Somewhat agree,Somewhat disagree,Agree,Somewhat disagree
11442113462,Black/African American,Female,25-34,Master's Degree or Higher,Full Time Employee,36104,Ten years or more,"Senior, Technical Media Producer",Senior level,"$60,000 to $69,999",Yes,Yes,"Telecommunications, Technology, Internet & Electronics",50 to 250 Employees,Strongly agree,Agree,Strongly agree,Strongly agree,Agree,Strongly agree
11442113382,Black/African American,Female,35-44,Master's Degree or Higher,Full Time Employee,37421,One to five years,Recruiter,Mid level,"$70,000 to $79,999",Yes,Yes,"Telecommunications, Technology, Internet & Electronics","More than 10,000 Employees",Agree,Agree,Strongly agree,Somewhat agree,Agree,Agree
11442113302,Black/African American,Female,45-54,Master's Degree or Higher,Full Time Employee,35205,One to five years,Director of Behavioral Health,Senior level,"$90,000 to $99,999",Yes,Yes,Social/Public Services,50 to 250 Employees,Agree,Somewhat agree,Strongly agree,Agree,Agree,Strongly agree
11442110634,Black/African American,Female,35-44,Bachelor's Degree,Full Time Employee,35244,One to five years,Assistant Manager,Mid level,Prefer not to answer,Yes,Yes,Retail & Consumer Durables,"More than 10,000 Employees",Somewhat disagree,Somewhat disagree,Strongly agree,Somewhat agree,Agree,Strongly agree
11442085810,Black/African American,Female,35-44,Some College,Full Time Employee,35209,One to five years,PIP CLAIMS ADJUSTER,Entry level,"$30,000 to $39,999",No,No,Insurance,"1,000 to 10,000 Employees",Disagree,Somewhat agree,Somewhat agree,Somewhat agree,Agree,Somewhat disagree
11442081612,Black/African American,Female,35-44,Some College,Full Time Employee,35242,Five to ten years,Claims associate,Mid level,"$30,000 to $39,999",Yes,Yes,Insurance,"1,000 to 10,000 Employees",Somewhat disagree,Disagree,Somewhat disagree,Disagree,Disagree,Somewhat agree
11441807124,Black/African American,Female,35-44,Master's Degree or Higher,Full Time Employee,35249,One to five years,Clinical Educator,Mid level,"$70,000 to $79,999",Yes,No,,,,,,,,
11441730402,Black/African American,Male,25-34,Master's Degree or Higher,Full Time Employee,35285,One to five years,Benefits authorizer,Mid level,"$50,000 to $59,999",No,No,Government,"More than 10,000 Employees",Somewhat agree,Somewhat agree,Somewhat agree,Neither agree nor disagree,Agree,Neither agree nor disagree
11441000319,White,Male,45-54,High School Diploma/GED,Part Time Employee,35342,One to five years,Prepper,Senior level,Prefer not to answer,No,No,Food & Beverages,Less than 50 Employees,Strongly agree,Somewhat agree,Neither agree nor disagree,Neither agree nor disagree,Neither agree nor disagree,Somewhat agree
11440863781,Hispanic/Latino,Male,25-34,Associate's Degree,Full Time Employee,35233,One to five years,Respiratory therapist,Entry level,"$30,000 to $39,999",Yes,Yes,Healthcare & Pharmaceuticals,"More than 10,000 Employees",Strongly agree,Strongly agree,Strongly agree,Strongly agree,Strongly agree,Strongly agree
11440731159,Black/African American,Female,55-64,Associate's Degree,Full Time Employee,35209,One to five years,Closing Agent Maintenance Specialist,Mid level,"$30,000 to $39,999",No,No,Mortgage Services,"250 to 1,000 Employees",Agree,Agree,Agree,Agree,Agree,Agree
11440671650,White,Male,45-54,Master's Degree or Higher,Self Employed/Entrepreneur,35226,Ten years or more,Partner,Owner,"$70,000 to $79,999",No Answer,Yes,Legal Services,Less than 50 Employees,Strongly agree,Strongly agree,Strongly agree,Strongly agree,Agree,Strongly agree
11440653658,White,Female,45-54,Bachelor's Degree,Full Time Employee,35253,Five to ten years,Nursery Director,Mid level,"$40,000 to $49,999",No,No,Nonprofit,"250 to 1,000 Employees",Somewhat agree,Somewhat disagree,Neither agree nor disagree,Neither agree nor disagree,Agree,
11440402607,White,Male,25-34,Bachelor's Degree,Full Time Employee,35824,One to five years,Software Dev,Mid level,"$90,000 to $99,999",Yes,No,,,,,,,,
11440340595,White,Male,25-34,Master's Degree or Higher,Full Time Employee,35223,Less than one year,AVP,Mid level,"$100,000 to $149,999",Yes,Yes,Insurance,"1,000 to 10,000 Employees",Strongly agree,Agree,Strongly agree,Strongly agree,Agree,Strongly agree
11440156234,White,Female,45-54,Bachelor's Degree,Full Time Employee,35242,Ten years or more,Nursery Director,Mid level,"$40,000 to $49,999",No,No,Nonprofit,50 to 250 Employees,,,,,,
11440136742,White,Male,55-64,Associate's Degree,Full Time Employee,36250,Ten years or more,Steel Detailer,Senior level,"$60,000 to $69,999",Yes,Yes,"Construction, Machinery, and Homes",Less than 50 Employees,Agree,Agree,Somewhat agree,Neither agree nor disagree,Agree,Somewhat agree
11440122088,Prefer not to say,Female,45-54,Some College,Part Time Employee,35212,Five to ten years,Event manager,Mid level,,Yes,Yes,Social/Public Services,Less than 50 Employees,Disagree,Somewhat disagree,Strongly disagree,Strongly disagree,Disagree,Disagree
11440043550,Prefer not to say,Female,25-34,High School Diploma/GED,Self Employed/Entrepreneur,35218,One to five years,Data entry,Entry level,"Less than $10,000",No Answer,,Food & Beverages,Less than 50 Employees,Strongly agree,,Agree,Neither agree nor disagree,,
11440023859,White,Male,25-34,Master's Degree or Higher,Full Time Employee,35222,One to five years,University Recruiter,Mid level,"$60,000 to $69,999",Yes,Yes,Finance & Financial Services,"More than 10,000 Employees",Agree,Agree,Strongly agree,Agree,Agree,Strongly agree
11439984425,White,F,35-44,Some College,Self Employed/Entrepreneur,35203,Five to ten years,CEO,"C Suite (CEO, CFO, COO, CTO, CSO)",Prefer not to answer,Yes,Yes,Information Technology and Services,Less than 50 Employees,Agree,Agree,Agree,Agree,Agree,Agree
11439879433,White,Male,65+,Some College,Short Term Contract Employee,39702,One to five years,Maintneance,Senior level,"$10,000 to $19,999",Yes,Yes,Pulp Industry,"250 to 1,000 Employees",Strongly agree,Strongly agree,Strongly agree,Strongly agree,Strongly agree,Agree
11439863583,Hispanic/Latino,F,25-34,Bachelor's Degree,Part Time Employee,90022,Five to ten years,Part time,Entry level,"Less than $10,000",No,No,Education,Less than 50 Employees,Disagree,Disagree,Disagree,Disagree,Disagree,Disagree
11439860786,Prefer not to say,Male,25-34,Bachelor's Degree,Self Employed/Entrepreneur,94117,One to five years,Owner,"C Suite (CEO, CFO, COO, CTO, CSO)","$150,000 or more",No,No,Analytics Consulting,Less than 50 Employees,,,,,,
11439856001,White,Female,35-44,Associate's Degree,Full Time Employee,35209,One to five years,Director of Recruiting,Senior level,"$100,000 to $149,999",Yes,Yes,"Telecommunications, Technology, Internet & Electronics","250 to 1,000 Employees",Strongly agree,Strongly agree,Strongly agree,Strongly agree,Agree,Strongly agree
11439784338,Multiracial/Multiethnic,F,25-34,Master's Degree or Higher,Self Employed/Entrepreneur,94117,Less than one year,Community Educator,Entry level,,No Answer,,Education,Less than 50 Employees,Strongly agree,Agree,Neither agree nor disagree,Agree,Somewhat agree,
11439706736,White,Femail,45-54,Master's Degree or Higher,Full Time Employee,31548,Ten years or more,School Media Specialist / Librarian,Mid level,"$50,000 to $59,999",No,Yes,Education,"1,000 to 10,000 Employees",Agree,Disagree,Neither agree nor disagree,Neither agree nor disagree,Somewhat agree,Neither agree nor disagree
11439666265,White,Female,25-34,Bachelor's Degree,Full Time Employee,35203,Less than one year,Product manager,Mid level,"$60,000 to $69,999",No,No,"Telecommunications, Technology, Internet & Electronics",Less than 50 Employees,Strongly agree,Agree,Somewhat agree,Disagree,Agree,Somewhat agree
11439653368,White,Male,55-64,Master's Degree or Higher,Self Employed/Entrepreneur,75063,One to five years,Business Owner,Business Owner,Prefer not to answer,No Answer,,Internet,Less than 50 Employees,Neither agree nor disagree,Neither agree nor disagree,Strongly agree,Neither agree nor disagree,Neither agree nor disagree,Strongly agree
11439544453,Black/African American,Female,25-34,Bachelor's Degree,Full Time Employee,35242,One to five years,Web Developer,Mid level,"$70,000 to $79,999",No,Yes,Manufacturing,"1,000 to 10,000 Employees",Somewhat disagree,Somewhat agree,Disagree,Somewhat disagree,Agree,Somewhat agree
11439383910,White,Male,45-54,Bachelor's Degree,Full Time Employee,35210,One to five years,,Entry level,"$20,000 to $29,999",No,No,Food & Beverages,"1,000 to 10,000 Employees",Strongly disagree,Strongly disagree,Disagree,Strongly disagree,Somewhat agree,Disagree